id,color,color_id,height,image_file,image_height,image_width,width,x,y,center_x,center_y,center_x_norm,center_y_norm,longer,shorter,aspect_max_min,aspect
0,red,red,192,B105.json,984,1000,132,46,44,112.0,140.0,0.112,0.14227642276422764,192,132,1.4545454545454546,0.6875
1,white,white,192,B105.json,984,1000,191,178,44,273.5,140.0,0.2735,0.14227642276422764,192,191,1.0052356020942408,0.9947916666666666
2,yellow,yellow,84,B105.json,984,1000,260,369,152,499.0,194.0,0.499,0.19715447154471544,260,84,3.0952380952380953,3.0952380952380953
3,blue,blue,84,B105.json,984,1000,237,629,152,747.5,194.0,0.7475,0.19715447154471544,237,84,2.8214285714285716,2.8214285714285716
4,blue,blue,218,B105.json,984,1000,323,46,236,207.5,345.0,0.2075,0.35060975609756095,323,218,1.481651376146789,1.481651376146789
5,yellow,yellow,218,B105.json,984,1000,260,369,236,499.0,345.0,0.499,0.35060975609756095,260,218,1.1926605504587156,1.1926605504587156
6,white,white,218,B105.json,984,1000,237,629,236,747.5,345.0,0.7475,0.35060975609756095,237,218,1.0871559633027523,1.0871559633027523
7,red,red,543,B105.json,984,1000,76,866,236,904.0,507.5,0.904,0.5157520325203252,543,76,7.144736842105263,0.13996316758747698
8,white,white,543,B105.json,984,1000,58,942,236,971.0,507.5,0.971,0.5157520325203252,543,58,9.362068965517242,0.10681399631675875
9,white,white,381,B105.json,984,1000,46,0,236,23.0,426.5,0.023,0.4334349593495935,381,46,8.282608695652174,0.12073490813648294
10,black,black,163,B105.json,984,1000,323,46,454,207.5,535.5,0.2075,0.5442073170731707,323,163,1.98159509202454,1.98159509202454
11,white,white,163,B105.json,984,1000,260,369,454,499.0,535.5,0.499,0.5442073170731707,260,163,1.5950920245398772,1.5950920245398772
12,black,black,325,B105.json,984,1000,237,629,454,747.5,616.5,0.7475,0.6265243902439024,325,237,1.371308016877637,0.7292307692307692
13,red,red,311,B105.json,984,1000,200,169,617,269.0,772.5,0.269,0.7850609756097561,311,200,1.555,0.6430868167202572
14,white,white,162,B105.json,984,1000,260,369,617,499.0,698.0,0.499,0.709349593495935,260,162,1.6049382716049383,1.6049382716049383
15,white,white,230,B105.json,984,1000,169,0,617,84.5,732.0,0.0845,0.7439024390243902,230,169,1.3609467455621302,0.7347826086956522
16,blue,blue,149,B105.json,984,1000,260,369,779,499.0,853.5,0.499,0.8673780487804879,260,149,1.74496644295302,1.74496644295302
17,yellow,yellow,149,B105.json,984,1000,237,629,779,747.5,853.5,0.7475,0.8673780487804879,237,149,1.5906040268456376,1.5906040268456376
18,white,white,205,B105.json,984,1000,134,866,779,933.0,881.5,0.933,0.8958333333333334,205,134,1.5298507462686568,0.6536585365853659
19,white,white,137,B105.json,984,1000,169,0,847,84.5,915.5,0.0845,0.9303861788617886,169,137,1.2335766423357664,1.2335766423357664
20,black,black,56,B105.json,984,1000,460,169,928,399.0,956.0,0.399,0.9715447154471545,460,56,8.214285714285714,8.214285714285714
21,white,white,56,B105.json,984,1000,237,629,928,747.5,956.0,0.7475,0.9715447154471545,237,56,4.232142857142857,4.232142857142857
22,white,white,44,B105.json,984,1000,323,46,0,207.5,22.0,0.2075,0.022357723577235773,323,44,7.340909090909091,7.340909090909091
23,white,white,152,B105.json,984,1000,260,369,0,499.0,76.0,0.499,0.07723577235772358,260,152,1.7105263157894737,1.7105263157894737
24,white,white,152,B105.json,984,1000,237,629,0,747.5,76.0,0.7475,0.07723577235772358,237,152,1.5592105263157894,1.5592105263157894
25,yellow,yellow,236,B105.json,984,1000,134,866,0,933.0,118.0,0.933,0.11991869918699187,236,134,1.7611940298507462,0.5677966101694916
26,black,black,236,B105.json,984,1000,46,0,0,23.0,118.0,0.023,0.11991869918699187,236,46,5.130434782608695,0.19491525423728814
27,white,white,192,B106.json,1000,850,462,81,54,312.0,150.0,0.36705882352941177,0.15,462,192,2.40625,2.40625
28,red,red,192,B106.json,1000,850,234,543,54,660.0,150.0,0.7764705882352941,0.15,234,192,1.21875,1.21875
29,yellow,yellow,259,B106.json,1000,850,237,81,246,199.5,375.5,0.23470588235294118,0.3755,259,237,1.0928270042194093,0.915057915057915
30,yellow,yellow,259,B106.json,1000,850,225,318,246,430.5,375.5,0.5064705882352941,0.3755,259,225,1.1511111111111112,0.8687258687258688
31,blue,blue,506,B106.json,1000,850,234,543,246,660.0,499.0,0.7764705882352941,0.499,506,234,2.1623931623931623,0.4624505928853755
32,white,white,633,B106.json,1000,850,73,777,246,813.5,562.5,0.9570588235294117,0.5625,633,73,8.67123287671233,0.11532385466034756
33,red,red,259,B106.json,1000,850,81,0,246,40.5,375.5,0.04764705882352941,0.3755,259,81,3.197530864197531,0.3127413127413127
34,white,white,247,B106.json,1000,850,237,81,505,199.5,628.5,0.23470588235294118,0.6285,247,237,1.0421940928270041,0.9595141700404858
35,red,red,247,B106.json,1000,850,225,318,505,430.5,628.5,0.5064705882352941,0.6285,247,225,1.0977777777777777,0.9109311740890689
36,black,black,374,B106.json,1000,850,81,0,505,40.5,692.0,0.04764705882352941,0.692,374,81,4.617283950617284,0.21657754010695188
37,white,white,127,B106.json,1000,850,237,81,752,199.5,815.5,0.23470588235294118,0.8155,237,127,1.8661417322834646,1.8661417322834646
38,black,black,127,B106.json,1000,850,225,318,752,430.5,815.5,0.5064705882352941,0.8155,225,127,1.7716535433070866,1.7716535433070866
39,yellow,yellow,127,B106.json,1000,850,234,543,752,660.0,815.5,0.7764705882352941,0.8155,234,127,1.8425196850393701,1.8425196850393701
40,white,white,121,B106.json,1000,850,237,81,879,199.5,939.5,0.23470588235294118,0.9395,237,121,1.9586776859504131,1.9586776859504131
41,blue,blue,121,B106.json,1000,850,459,318,879,547.5,939.5,0.6441176470588236,0.9395,459,121,3.793388429752066,3.793388429752066
42,blue,blue,121,B106.json,1000,850,73,777,879,813.5,939.5,0.9570588235294117,0.9395,121,73,1.6575342465753424,0.6033057851239669
43,white,white,121,B106.json,1000,850,81,0,879,40.5,939.5,0.04764705882352941,0.9395,121,81,1.4938271604938271,0.6694214876033058
44,blue,blue,54,B106.json,1000,850,462,81,0,312.0,27.0,0.36705882352941177,0.027,462,54,8.555555555555555,8.555555555555555
45,white,white,54,B106.json,1000,850,234,543,0,660.0,27.0,0.7764705882352941,0.027,234,54,4.333333333333333,4.333333333333333
46,yellow,yellow,246,B106.json,1000,850,73,777,0,813.5,123.0,0.9570588235294117,0.123,246,73,3.3698630136986303,0.2967479674796748
47,white,white,246,B106.json,1000,850,81,0,0,40.5,123.0,0.04764705882352941,0.123,246,81,3.037037037037037,0.32926829268292684
48,blue,blue,320,B109.json,1000,896,95,9,114,56.5,274.0,0.06305803571428571,0.274,320,95,3.3684210526315788,0.296875
49,red,red,320,B109.json,1000,896,338,104,114,273.0,274.0,0.3046875,0.274,338,320,1.05625,1.05625
50,blue,blue,139,B109.json,1000,896,236,442,114,560.0,183.5,0.625,0.1835,236,139,1.6978417266187051,1.6978417266187051
51,white,white,139,B109.json,1000,896,115,678,114,735.5,183.5,0.8208705357142857,0.1835,139,115,1.208695652173913,0.8273381294964028
52,white,white,139,B109.json,1000,896,103,793,114,844.5,183.5,0.9425223214285714,0.1835,139,103,1.3495145631067962,0.7410071942446043
53,white,white,640,B109.json,1000,896,9,0,114,4.5,434.0,0.005022321428571429,0.434,640,9,71.11111111111111,0.0140625
54,yellow,yellow,501,B109.json,1000,896,236,442,253,560.0,503.5,0.625,0.5035,501,236,2.1228813559322033,0.47105788423153694
55,white,white,371,B109.json,1000,896,218,678,253,787.0,438.5,0.8783482142857143,0.4385,371,218,1.701834862385321,0.5876010781671159
56,white,white,320,B109.json,1000,896,95,9,434,56.5,594.0,0.06305803571428571,0.594,320,95,3.3684210526315788,0.296875
57,red,red,320,B109.json,1000,896,338,104,434,273.0,594.0,0.3046875,0.594,338,320,1.05625,1.05625
58,red,red,130,B109.json,1000,896,112,678,624,734.0,689.0,0.8191964285714286,0.689,130,112,1.1607142857142858,0.8615384615384616
59,white,white,130,B109.json,1000,896,106,790,624,843.0,689.0,0.9408482142857143,0.689,130,106,1.2264150943396226,0.8153846153846154
60,white,white,203,B109.json,1000,896,338,104,754,273.0,855.5,0.3046875,0.8555,338,203,1.6650246305418719,1.6650246305418719
61,black,black,203,B109.json,1000,896,348,442,754,616.0,855.5,0.6875,0.8555,348,203,1.7142857142857142,1.7142857142857142
62,white,white,246,B109.json,1000,896,106,790,754,843.0,877.0,0.9408482142857143,0.877,246,106,2.3207547169811322,0.43089430894308944
63,yellow,yellow,246,B109.json,1000,896,104,0,754,52.0,877.0,0.05803571428571429,0.877,246,104,2.3653846153846154,0.42276422764227645
64,white,white,43,B109.json,1000,896,686,104,957,447.0,978.5,0.49888392857142855,0.9785,686,43,15.953488372093023,15.953488372093023
65,white,white,114,B109.json,1000,896,236,442,0,560.0,57.0,0.625,0.057,236,114,2.0701754385964914,2.0701754385964914
66,black,black,114,B109.json,1000,896,218,678,0,787.0,57.0,0.8783482142857143,0.057,218,114,1.912280701754386,1.912280701754386
67,yellow,yellow,114,B109.json,1000,896,442,0,0,221.0,57.0,0.24665178571428573,0.057,442,114,3.8771929824561404,3.8771929824561404
68,black,black,226,B114.json,860,1000,161,693,48,773.5,161.0,0.7735,0.1872093023255814,226,161,1.4037267080745341,0.7123893805309734
69,white,white,496,B114.json,860,1000,146,854,48,927.0,296.0,0.927,0.34418604651162793,496,146,3.3972602739726026,0.29435483870967744
70,black,black,387,B114.json,860,1000,197,111,157,209.5,350.5,0.2095,0.40755813953488373,387,197,1.9644670050761421,0.5090439276485789
71,white,white,387,B114.json,860,1000,385,308,157,500.5,350.5,0.5005,0.40755813953488373,387,385,1.0051948051948052,0.9948320413436692
72,red,red,606,B114.json,860,1000,111,0,157,55.5,460.0,0.0555,0.5348837209302325,606,111,5.45945945945946,0.18316831683168316
73,yellow,yellow,270,B114.json,860,1000,161,693,274,773.5,409.0,0.7735,0.4755813953488372,270,161,1.6770186335403727,0.5962962962962963
74,white,white,219,B114.json,860,1000,197,111,544,209.5,653.5,0.2095,0.7598837209302326,219,197,1.1116751269035532,0.8995433789954338
75,blue,blue,219,B114.json,860,1000,385,308,544,500.5,653.5,0.5005,0.7598837209302326,385,219,1.7579908675799087,1.7579908675799087
76,white,white,111,B114.json,860,1000,161,693,544,773.5,599.5,0.7735,0.6970930232558139,161,111,1.4504504504504505,1.4504504504504505
77,white,white,219,B114.json,860,1000,146,854,544,927.0,653.5,0.927,0.7598837209302326,219,146,1.5,0.6666666666666666
78,white,white,108,B114.json,860,1000,161,693,655,773.5,709.0,0.7735,0.8244186046511628,161,108,1.4907407407407407,1.4907407407407407
79,white,white,97,B114.json,860,1000,197,111,763,209.5,811.5,0.2095,0.9436046511627907,197,97,2.0309278350515463,2.0309278350515463
80,white,white,97,B114.json,860,1000,692,308,763,654.0,811.5,0.654,0.9436046511627907,692,97,7.134020618556701,7.134020618556701
81,white,white,97,B114.json,860,1000,111,0,763,55.5,811.5,0.0555,0.9436046511627907,111,97,1.1443298969072164,1.1443298969072164
82,white,white,157,B114.json,860,1000,197,111,0,209.5,78.5,0.2095,0.09127906976744186,197,157,1.2547770700636942,1.2547770700636942
83,yellow,yellow,157,B114.json,860,1000,385,308,0,500.5,78.5,0.5005,0.09127906976744186,385,157,2.4522292993630574,2.4522292993630574
84,white,white,48,B114.json,860,1000,307,693,0,846.5,24.0,0.8465,0.027906976744186046,307,48,6.395833333333333,6.395833333333333
85,white,white,157,B114.json,860,1000,111,0,0,55.5,78.5,0.0555,0.09127906976744186,157,111,1.4144144144144144,0.7070063694267515
86,black,black,164,B115.json,966,589,324,50,35,212.0,117.0,0.3599320882852292,0.12111801242236025,324,164,1.975609756097561,1.975609756097561
87,white,white,371,B115.json,966,589,147,50,199,123.5,384.5,0.20967741935483872,0.39803312629399584,371,147,2.5238095238095237,0.39622641509433965
88,white,white,258,B115.json,966,589,177,197,199,285.5,328.0,0.4847198641765705,0.33954451345755693,258,177,1.4576271186440677,0.686046511627907
89,white,white,258,B115.json,966,589,110,374,199,429.0,328.0,0.7283531409168081,0.33954451345755693,258,110,2.3454545454545452,0.4263565891472868
90,white,white,258,B115.json,966,589,105,484,199,536.5,328.0,0.9108658743633277,0.33954451345755693,258,105,2.4571428571428573,0.4069767441860465
91,red,red,371,B115.json,966,589,50,0,199,25.0,384.5,0.042444821731748725,0.39803312629399584,371,50,7.42,0.1347708894878706
92,white,white,113,B115.json,966,589,287,197,457,340.5,513.5,0.5780984719864176,0.5315734989648033,287,113,2.5398230088495577,2.5398230088495577
93,yellow,yellow,337,B115.json,966,589,105,484,457,536.5,625.5,0.9108658743633277,0.6475155279503105,337,105,3.2095238095238097,0.3115727002967359
94,white,white,196,B115.json,966,589,147,50,570,123.5,668.0,0.20967741935483872,0.6915113871635611,196,147,1.3333333333333333,0.75
95,white,white,196,B115.json,966,589,287,197,570,340.5,668.0,0.5780984719864176,0.6915113871635611,287,196,1.4642857142857142,1.4642857142857142
96,white,white,339,B115.json,966,589,50,0,570,25.0,739.5,0.042444821731748725,0.765527950310559,339,50,6.78,0.14749262536873156
97,blue,blue,143,B115.json,966,589,147,50,766,123.5,837.5,0.20967741935483872,0.8669772256728778,147,143,1.027972027972028,1.027972027972028
98,white,white,177,B115.json,966,589,287,197,766,340.5,854.5,0.5780984719864176,0.884575569358178,287,177,1.6214689265536724,1.6214689265536724
99,black,black,172,B115.json,966,589,105,484,794,536.5,880.0,0.9108658743633277,0.9109730848861284,172,105,1.638095238095238,0.6104651162790697
100,white,white,57,B115.json,966,589,197,0,909,98.5,937.5,0.16723259762308998,0.9704968944099379,197,57,3.456140350877193,3.456140350877193
101,white,white,23,B115.json,966,589,287,197,943,340.5,954.5,0.5780984719864176,0.9880952380952381,287,23,12.478260869565217,12.478260869565217
102,white,white,35,B115.json,966,589,324,50,0,212.0,17.5,0.3599320882852292,0.018115942028985508,324,35,9.257142857142858,9.257142857142858
103,white,white,199,B115.json,966,589,215,374,0,481.5,99.5,0.8174872665534805,0.10300207039337474,215,199,1.0804020100502512,1.0804020100502512
104,red,red,199,B115.json,966,589,50,0,0,25.0,99.5,0.042444821731748725,0.10300207039337474,199,50,3.98,0.25125628140703515
105,white,white,163,B116.json,1000,821,370,92,28,277.0,109.5,0.3373934226552984,0.1095,370,163,2.2699386503067487,2.2699386503067487
106,black,black,163,B116.json,1000,821,92,0,28,46.0,109.5,0.05602923264311815,0.1095,163,92,1.7717391304347827,0.5644171779141104
107,black,black,179,B116.json,1000,821,316,462,49,620.0,138.5,0.7551766138855055,0.1385,316,179,1.76536312849162,1.76536312849162
108,white,white,801,B116.json,1000,821,43,778,49,799.5,449.5,0.9738124238733252,0.4495,801,43,18.627906976744185,0.05368289637952559
109,white,white,150,B116.json,1000,821,201,92,191,192.5,266.0,0.23447015834348356,0.266,201,150,1.34,1.34
110,white,white,150,B116.json,1000,821,169,293,191,377.5,266.0,0.4598051157125457,0.266,169,150,1.1266666666666667,1.1266666666666667
111,blue,blue,150,B116.json,1000,821,92,0,191,46.0,266.0,0.05602923264311815,0.266,150,92,1.6304347826086956,0.6133333333333333
112,red,red,441,B116.json,1000,821,316,462,228,620.0,448.5,0.7551766138855055,0.4485,441,316,1.3955696202531647,0.7165532879818595
113,white,white,328,B116.json,1000,821,201,92,341,192.5,505.0,0.23447015834348356,0.505,328,201,1.6318407960199004,0.6128048780487805
114,white,white,328,B116.json,1000,821,169,293,341,377.5,505.0,0.4598051157125457,0.505,328,169,1.9408284023668638,0.5152439024390244
115,yellow,yellow,396,B116.json,1000,821,92,0,341,46.0,539.0,0.05602923264311815,0.539,396,92,4.304347826086956,0.23232323232323232
116,black,black,181,B116.json,1000,821,201,92,669,192.5,759.5,0.23447015834348356,0.7595,201,181,1.1104972375690607,1.1104972375690607
117,yellow,yellow,181,B116.json,1000,821,169,293,669,377.5,759.5,0.4598051157125457,0.7595,181,169,1.0710059171597632,0.9337016574585635
118,white,white,181,B116.json,1000,821,316,462,669,620.0,759.5,0.7551766138855055,0.7595,316,181,1.7458563535911602,1.7458563535911602
119,white,white,263,B116.json,1000,821,92,0,737,46.0,868.5,0.05602923264311815,0.8685,263,92,2.858695652173913,0.34980988593155893
120,white,white,98,B116.json,1000,821,201,92,850,192.5,899.0,0.23447015834348356,0.899,201,98,2.0510204081632653,2.0510204081632653
121,yellow,yellow,98,B116.json,1000,821,169,293,850,377.5,899.0,0.4598051157125457,0.899,169,98,1.7244897959183674,1.7244897959183674
122,white,white,130,B116.json,1000,821,316,462,850,620.0,915.0,0.7551766138855055,0.915,316,130,2.4307692307692306,2.4307692307692306
123,blue,blue,150,B116.json,1000,821,43,778,850,799.5,925.0,0.9738124238733252,0.925,150,43,3.488372093023256,0.2866666666666667
124,red,red,52,B116.json,1000,821,370,92,948,277.0,974.0,0.3373934226552984,0.974,370,52,7.115384615384615,7.115384615384615
125,white,white,20,B116.json,1000,821,316,462,980,620.0,990.0,0.7551766138855055,0.99,316,20,15.8,15.8
126,blue,blue,49,B116.json,1000,821,359,462,0,641.5,24.5,0.7813641900121803,0.0245,359,49,7.326530612244898,7.326530612244898
127,yellow,yellow,28,B116.json,1000,821,462,0,0,231.0,14.0,0.28136419001218027,0.014,462,28,16.5,16.5
128,white,white,489,B117.json,1000,823,257,0,104,128.5,348.5,0.15613608748481167,0.3485,489,257,1.9027237354085602,0.5255623721881391
129,blue,blue,207,B117.json,1000,823,306,257,386,410.0,489.5,0.49817739975698666,0.4895,306,207,1.4782608695652173,1.4782608695652173
130,blue,blue,207,B117.json,1000,823,260,563,386,693.0,489.5,0.8420413122721749,0.4895,260,207,1.2560386473429952,1.2560386473429952
131,black,black,261,B117.json,1000,823,162,95,593,176.0,723.5,0.21385176184690158,0.7235,261,162,1.6111111111111112,0.6206896551724138
132,white,white,261,B117.json,1000,823,306,257,593,410.0,723.5,0.49817739975698666,0.7235,306,261,1.1724137931034482,1.1724137931034482
133,white,white,261,B117.json,1000,823,205,563,593,665.5,723.5,0.8086269744835966,0.7235,261,205,1.273170731707317,0.7854406130268199
134,white,white,407,B117.json,1000,823,55,768,593,795.5,796.5,0.9665856622114216,0.7965,407,55,7.4,0.13513513513513514
135,red,red,261,B117.json,1000,823,95,0,593,47.5,723.5,0.057715674362089915,0.7235,261,95,2.7473684210526317,0.36398467432950193
136,yellow,yellow,146,B117.json,1000,823,205,563,854,665.5,927.0,0.8086269744835966,0.927,205,146,1.404109589041096,1.404109589041096
137,white,white,146,B117.json,1000,823,563,0,854,281.5,927.0,0.342041312272175,0.927,563,146,3.856164383561644,3.856164383561644
138,blue,blue,386,B117.json,1000,823,566,257,0,540.0,193.0,0.6561360874848117,0.193,566,386,1.4663212435233162,1.4663212435233162
139,white,white,104,B117.json,1000,823,257,0,0,128.5,52.0,0.15613608748481167,0.052,257,104,2.4711538461538463,2.4711538461538463
140,red,red,530,B120.json,1000,990,518,0,41,259.0,306.0,0.26161616161616164,0.306,530,518,1.0231660231660231,0.9773584905660377
141,white,white,563,B120.json,1000,990,311,518,292,673.5,573.5,0.6803030303030303,0.5735,563,311,1.810289389067524,0.5523978685612788
142,black,black,367,B120.json,1000,990,161,829,292,909.5,475.5,0.9186868686868687,0.4755,367,161,2.279503105590062,0.43869209809264303
143,black,black,284,B120.json,1000,990,322,196,571,357.0,713.0,0.3606060606060606,0.713,322,284,1.1338028169014085,1.1338028169014085
144,white,white,232,B120.json,1000,990,196,0,571,98.0,687.0,0.09898989898989899,0.687,232,196,1.183673469387755,0.8448275862068966
145,blue,blue,196,B120.json,1000,990,161,829,659,909.5,757.0,0.9186868686868687,0.757,196,161,1.2173913043478262,0.8214285714285714
146,white,white,197,B120.json,1000,990,196,0,803,98.0,901.5,0.09898989898989899,0.9015,197,196,1.0051020408163265,0.9949238578680203
147,white,white,145,B120.json,1000,990,322,196,855,357.0,927.5,0.3606060606060606,0.9275,322,145,2.220689655172414,2.220689655172414
148,white,white,145,B120.json,1000,990,472,518,855,754.0,927.5,0.7616161616161616,0.9275,472,145,3.2551724137931033,3.2551724137931033
149,white,white,292,B120.json,1000,990,472,518,0,754.0,146.0,0.7616161616161616,0.146,472,292,1.6164383561643836,1.6164383561643836
150,white,white,41,B120.json,1000,990,518,0,0,259.0,20.5,0.26161616161616164,0.0205,518,41,12.634146341463415,12.634146341463415
151,red,red,417,B123.json,969,820,401,0,87,200.5,295.5,0.24451219512195121,0.30495356037151705,417,401,1.0399002493765586,0.9616306954436451
152,white,white,411,B123.json,969,820,312,89,504,245.0,709.5,0.29878048780487804,0.7321981424148607,411,312,1.3173076923076923,0.7591240875912408
153,white,white,319,B123.json,969,820,283,401,504,542.5,663.5,0.6615853658536586,0.6847265221878225,319,283,1.127208480565371,0.8871473354231975
154,black,black,319,B123.json,969,820,136,684,504,752.0,663.5,0.9170731707317074,0.6847265221878225,319,136,2.3455882352941178,0.4263322884012539
155,white,white,411,B123.json,969,820,89,0,504,44.5,709.5,0.05426829268292683,0.7321981424148607,411,89,4.617977528089888,0.21654501216545013
156,blue,blue,146,B123.json,969,820,419,401,823,610.5,896.0,0.7445121951219512,0.9246646026831785,419,146,2.8698630136986303,2.8698630136986303
157,white,white,54,B123.json,969,820,401,0,915,200.5,942.0,0.24451219512195121,0.9721362229102167,401,54,7.425925925925926,7.425925925925926
158,white,white,504,B123.json,969,820,283,401,0,542.5,252.0,0.6615853658536586,0.26006191950464397,504,283,1.7809187279151943,0.5615079365079365
159,yellow,yellow,504,B123.json,969,820,136,684,0,752.0,252.0,0.9170731707317074,0.26006191950464397,504,136,3.7058823529411766,0.2698412698412698
160,red,red,87,B123.json,969,820,401,0,0,200.5,43.5,0.24451219512195121,0.04489164086687306,401,87,4.609195402298851,4.609195402298851
161,white,white,526,B129.json,1000,966,409,22,37,226.5,300.0,0.234472049689441,0.3,526,409,1.2860635696821516,0.7775665399239544
162,white,white,733,B129.json,1000,966,22,0,37,11.0,403.5,0.011387163561076604,0.4035,733,22,33.31818181818182,0.030013642564802184
163,black,black,254,B129.json,1000,966,375,431,516,618.5,643.0,0.6402691511387164,0.643,375,254,1.4763779527559056,1.4763779527559056
164,white,white,254,B129.json,1000,966,81,806,516,846.5,643.0,0.8762939958592133,0.643,254,81,3.1358024691358026,0.3188976377952756
165,yellow,yellow,439,B129.json,1000,966,79,887,516,926.5,735.5,0.9591097308488613,0.7355,439,79,5.556962025316456,0.17995444191343962
166,white,white,207,B129.json,1000,966,409,22,563,226.5,666.5,0.234472049689441,0.6665,409,207,1.9758454106280192,1.9758454106280192
167,white,white,230,B129.json,1000,966,269,162,770,296.5,885.0,0.30693581780538304,0.885,269,230,1.1695652173913043,1.1695652173913043
168,white,white,215,B129.json,1000,966,456,431,770,659.0,877.5,0.6821946169772257,0.8775,456,215,2.1209302325581394,2.1209302325581394
169,blue,blue,230,B129.json,1000,966,162,0,770,81.0,885.0,0.08385093167701864,0.885,230,162,1.4197530864197532,0.7043478260869566
170,black,black,45,B129.json,1000,966,79,887,955,926.5,977.5,0.9591097308488613,0.9775,79,45,1.7555555555555555,1.7555555555555555
171,white,white,15,B129.json,1000,966,456,431,985,659.0,992.5,0.6821946169772257,0.9925,456,15,30.4,30.4
172,white,white,516,B129.json,1000,966,535,431,0,698.5,258.0,0.7230848861283644,0.258,535,516,1.0368217054263567,1.0368217054263567
173,red,red,37,B129.json,1000,966,431,0,0,215.5,18.5,0.22308488612836438,0.0185,431,37,11.64864864864865,11.64864864864865
174,red,red,485,B130.json,950,945,485,105,104,347.5,346.5,0.36772486772486773,0.36473684210526314,485,485,1.0,1.0
175,yellow,yellow,242,B130.json,950,945,299,590,104,739.5,225.0,0.7825396825396825,0.23684210526315788,299,242,1.2355371900826446,1.2355371900826446
176,white,white,241,B130.json,950,945,105,0,104,52.5,224.5,0.05555555555555555,0.2363157894736842,241,105,2.295238095238095,0.43568464730290457
177,white,white,369,B130.json,950,945,105,0,345,52.5,529.5,0.05555555555555555,0.5573684210526316,369,105,3.5142857142857142,0.2845528455284553
178,white,white,243,B130.json,950,945,150,590,346,665.0,467.5,0.7037037037037037,0.4921052631578947,243,150,1.62,0.6172839506172839
179,white,white,243,B130.json,950,945,149,740,346,814.5,467.5,0.861904761904762,0.4921052631578947,243,149,1.6308724832214765,0.6131687242798354
180,black,black,244,B130.json,950,945,246,105,589,228.0,711.0,0.24126984126984127,0.748421052631579,246,244,1.0081967213114753,1.0081967213114753
181,white,white,124,B130.json,950,945,239,351,589,470.5,651.0,0.4978835978835979,0.6852631578947368,239,124,1.9274193548387097,1.9274193548387097
182,white,white,124,B130.json,950,945,299,590,589,739.5,651.0,0.7825396825396825,0.6852631578947368,299,124,2.411290322580645,2.411290322580645
183,yellow,yellow,236,B130.json,950,945,105,0,714,52.5,832.0,0.05555555555555555,0.8757894736842106,236,105,2.2476190476190476,0.4449152542372881
184,white,white,120,B130.json,950,945,239,351,713,470.5,773.0,0.4978835978835979,0.8136842105263158,239,120,1.9916666666666667,1.9916666666666667
185,blue,blue,183,B130.json,950,945,299,590,713,739.5,804.5,0.7825396825396825,0.8468421052631578,299,183,1.633879781420765,1.633879781420765
186,red,red,237,B130.json,950,945,56,889,713,917.0,831.5,0.9703703703703703,0.8752631578947369,237,56,4.232142857142857,0.23628691983122363
187,white,white,117,B130.json,950,945,246,105,833,228.0,891.5,0.24126984126984127,0.9384210526315789,246,117,2.1025641025641026,2.1025641025641026
188,black,black,63,B130.json,950,945,239,351,833,470.5,864.5,0.4978835978835979,0.91,239,63,3.7936507936507935,3.7936507936507935
189,white,white,54,B130.json,950,945,538,351,896,620.0,923.0,0.656084656084656,0.9715789473684211,538,54,9.962962962962964,9.962962962962964
190,white,white,104,B130.json,950,945,365,225,0,407.5,52.0,0.4312169312169312,0.05473684210526316,365,104,3.5096153846153846,3.5096153846153846
191,yellow,yellow,104,B130.json,950,945,299,590,0,739.5,52.0,0.7825396825396825,0.05473684210526316,299,104,2.875,2.875
192,white,white,713,B130.json,950,945,56,889,0,917.0,356.5,0.9703703703703703,0.37526315789473685,713,56,12.732142857142858,0.0785413744740533
193,white,white,104,B130.json,950,945,225,0,0,112.5,52.0,0.11904761904761904,0.05473684210526316,225,104,2.1634615384615383,2.1634615384615383
194,white,white,159,B131.json,957,760,328,0,180,164.0,259.5,0.21578947368421053,0.2711598746081505,328,159,2.0628930817610063,2.0628930817610063
195,black,black,392,B131.json,957,760,275,328,339,465.5,535.0,0.6125,0.5590386624869383,392,275,1.4254545454545455,0.701530612244898
196,white,white,392,B131.json,957,760,121,603,339,663.5,535.0,0.8730263157894737,0.5590386624869383,392,121,3.239669421487603,0.3086734693877551
197,yellow,yellow,496,B131.json,957,760,328,0,339,164.0,587.0,0.21578947368421053,0.61337513061651,496,328,1.5121951219512195,0.6612903225806451
198,white,white,104,B131.json,957,760,275,328,731,465.5,783.0,0.6125,0.8181818181818182,275,104,2.644230769230769,2.644230769230769
199,blue,blue,226,B131.json,957,760,157,603,731,681.5,844.0,0.8967105263157895,0.8819226750261233,226,157,1.4394904458598725,0.6946902654867256
200,white,white,122,B131.json,957,760,603,0,835,301.5,896.0,0.39671052631578946,0.9362591431556949,603,122,4.942622950819672,4.942622950819672
201,red,red,339,B131.json,957,760,396,328,0,526.0,169.5,0.6921052631578948,0.17711598746081506,396,339,1.168141592920354,1.168141592920354
202,white,white,731,B131.json,957,760,36,724,0,742.0,365.5,0.9763157894736842,0.3819226750261233,731,36,20.305555555555557,0.049247606019151846
203,white,white,180,B131.json,957,760,328,0,0,164.0,90.0,0.21578947368421053,0.09404388714733543,328,180,1.8222222222222222,1.8222222222222222
204,white,white,280,B134.json,1000,878,191,0,98,95.5,238.0,0.10876993166287016,0.238,280,191,1.4659685863874345,0.6821428571428572
205,white,white,663,B134.json,1000,878,662,191,236,522.0,567.5,0.5945330296127562,0.5675,663,662,1.001510574018127,0.9984917043740573
206,yellow,yellow,663,B134.json,1000,878,25,853,236,865.5,567.5,0.9857630979498861,0.5675,663,25,26.52,0.03770739064856712
207,white,white,521,B134.json,1000,878,191,0,378,95.5,638.5,0.10876993166287016,0.6385,521,191,2.7277486910994764,0.3666026871401152
208,white,white,101,B134.json,1000,878,333,545,899,711.5,949.5,0.8103644646924829,0.9495,333,101,3.297029702970297,3.297029702970297
209,red,red,101,B134.json,1000,878,545,0,899,272.5,949.5,0.3103644646924829,0.9495,545,101,5.396039603960396,5.396039603960396
210,white,white,236,B134.json,1000,878,687,191,0,534.5,118.0,0.6087699316628702,0.118,687,236,2.9110169491525424,2.9110169491525424
211,blue,blue,98,B134.json,1000,878,191,0,0,95.5,49.0,0.10876993166287016,0.049,191,98,1.9489795918367347,1.9489795918367347
212,white,white,240,B142.json,975,607,272,160,18,296.0,138.0,0.4876441515650741,0.14153846153846153,272,240,1.1333333333333333,1.1333333333333333
213,white,white,240,B142.json,975,607,175,432,18,519.5,138.0,0.8558484349258649,0.14153846153846153,240,175,1.3714285714285714,0.7291666666666666
214,yellow,yellow,418,B142.json,975,607,76,531,258,569.0,467.0,0.9373970345963756,0.47897435897435897,418,76,5.5,0.18181818181818182
215,white,white,632,B142.json,975,607,531,0,258,265.5,574.0,0.43739703459637563,0.5887179487179487,632,531,1.1902071563088512,0.8401898734177216
216,black,black,299,B142.json,975,607,76,531,676,569.0,825.5,0.9373970345963756,0.8466666666666667,299,76,3.9342105263157894,0.25418060200668896
217,white,white,85,B142.json,975,607,237,294,890,412.5,932.5,0.6795716639209226,0.9564102564102565,237,85,2.788235294117647,2.788235294117647
218,white,white,85,B142.json,975,607,294,0,890,147.0,932.5,0.24217462932454695,0.9564102564102565,294,85,3.458823529411765,3.458823529411765
219,white,white,18,B142.json,975,607,272,160,0,296.0,9.0,0.4876441515650741,0.009230769230769232,272,18,15.11111111111111,15.11111111111111
220,red,red,18,B142.json,975,607,175,432,0,519.5,9.0,0.8558484349258649,0.009230769230769232,175,18,9.722222222222221,9.722222222222221
221,blue,blue,258,B142.json,975,607,160,0,0,80.0,129.0,0.13179571663920922,0.13230769230769232,258,160,1.6125,0.6201550387596899
222,white,white,668,B146.json,957,921,674,54,90,391.0,424.0,0.4245385450597177,0.4430512016718913,674,668,1.0089820359281436,1.0089820359281436
223,white,white,355,B146.json,957,921,54,0,90,27.0,267.5,0.029315960912052116,0.27951933124346917,355,54,6.574074074074074,0.15211267605633802
224,white,white,678,B146.json,957,921,193,728,231,824.5,570.0,0.8952225841476655,0.5956112852664577,678,193,3.5129533678756477,0.28466076696165193
225,blue,blue,313,B146.json,957,921,54,0,445,27.0,601.5,0.029315960912052116,0.6285266457680251,313,54,5.796296296296297,0.17252396166134185
226,white,white,199,B146.json,957,921,728,0,758,364.0,857.5,0.3952225841476656,0.8960292580982236,728,199,3.658291457286432,3.658291457286432
227,red,red,48,B146.json,957,921,193,728,909,824.5,933.0,0.8952225841476655,0.9749216300940439,193,48,4.020833333333333,4.020833333333333
228,yellow,yellow,90,B146.json,957,921,358,370,0,549.0,45.0,0.5960912052117264,0.047021943573667714,358,90,3.977777777777778,3.977777777777778
229,black,black,231,B146.json,957,921,193,728,0,824.5,115.5,0.8952225841476655,0.1206896551724138,231,193,1.1968911917098446,0.8354978354978355
230,white,white,90,B146.json,957,921,370,0,0,185.0,45.0,0.2008686210640608,0.047021943573667714,370,90,4.111111111111111,4.111111111111111
231,white,white,306,B150.json,1000,981,69,912,47,946.5,200.0,0.9648318042813455,0.2,306,69,4.434782608695652,0.22549019607843138
232,black,black,298,B150.json,1000,981,319,201,55,360.5,204.0,0.3674821610601427,0.204,319,298,1.070469798657718,1.070469798657718
233,yellow,yellow,298,B150.json,1000,981,201,0,55,100.5,204.0,0.10244648318042814,0.204,298,201,1.4825870646766168,0.674496644295302
234,white,white,337,B150.json,1000,981,392,520,353,716.0,521.5,0.7298674821610601,0.5215,392,337,1.1632047477744807,1.1632047477744807
235,red,red,337,B150.json,1000,981,69,912,353,946.5,521.5,0.9648318042813455,0.5215,337,69,4.884057971014493,0.20474777448071216
236,white,white,647,B150.json,1000,981,520,0,353,260.0,676.5,0.2650356778797146,0.6765,647,520,1.2442307692307693,0.80370942812983
237,white,white,310,B150.json,1000,981,461,520,690,750.5,845.0,0.7650356778797146,0.845,461,310,1.4870967741935484,1.4870967741935484
238,white,white,353,B150.json,1000,981,392,520,0,716.0,176.5,0.7298674821610601,0.1765,392,353,1.1104815864022664,1.1104815864022664
239,blue,blue,47,B150.json,1000,981,69,912,0,946.5,23.5,0.9648318042813455,0.0235,69,47,1.4680851063829787,1.4680851063829787
240,white,white,55,B150.json,1000,981,520,0,0,260.0,27.5,0.2650356778797146,0.0275,520,55,9.454545454545455,9.454545454545455
241,red,red,158,B154.json,1000,861,300,78,21,228.0,100.0,0.26480836236933797,0.1,300,158,1.8987341772151898,1.8987341772151898
242,white,white,158,B154.json,1000,861,160,378,21,458.0,100.0,0.5319396051103368,0.1,160,158,1.0126582278481013,1.0126582278481013
243,yellow,yellow,286,B154.json,1000,861,301,538,86,688.5,229.0,0.7996515679442509,0.229,301,286,1.0524475524475525,1.0524475524475525
244,blue,blue,344,B154.json,1000,861,300,78,179,228.0,351.0,0.26480836236933797,0.351,344,300,1.1466666666666667,0.872093023255814
245,black,black,344,B154.json,1000,861,160,378,179,458.0,351.0,0.5319396051103368,0.351,344,160,2.15,0.46511627906976744
246,white,white,722,B154.json,1000,861,78,0,179,39.0,540.0,0.04529616724738676,0.54,722,78,9.256410256410257,0.10803324099722991
247,white,white,151,B154.json,1000,861,235,538,372,655.5,447.5,0.7613240418118467,0.4475,235,151,1.5562913907284768,1.5562913907284768
248,black,black,369,B154.json,1000,861,88,773,372,817.0,556.5,0.9488966318234611,0.5565,369,88,4.193181818181818,0.23848238482384823
249,white,white,65,B154.json,1000,861,300,78,523,228.0,555.5,0.26480836236933797,0.5555,300,65,4.615384615384615,4.615384615384615
250,red,red,218,B154.json,1000,861,160,378,523,458.0,632.0,0.5319396051103368,0.632,218,160,1.3625,0.7339449541284404
251,red,red,218,B154.json,1000,861,235,538,523,655.5,632.0,0.7613240418118467,0.632,235,218,1.0779816513761469,1.0779816513761469
252,white,white,313,B154.json,1000,861,300,78,588,228.0,744.5,0.26480836236933797,0.7445,313,300,1.0433333333333332,0.9584664536741214
253,blue,blue,160,B154.json,1000,861,274,378,741,515.0,821.0,0.5981416957026713,0.821,274,160,1.7125,1.7125
254,white,white,160,B154.json,1000,861,121,652,741,712.5,821.0,0.8275261324041812,0.821,160,121,1.322314049586777,0.75625
255,white,white,160,B154.json,1000,861,71,773,741,808.5,821.0,0.9390243902439024,0.821,160,71,2.2535211267605635,0.44375
256,black,black,226,B154.json,1000,861,17,844,741,852.5,854.0,0.9901277584204413,0.854,226,17,13.294117647058824,0.0752212389380531
257,yellow,yellow,66,B154.json,1000,861,574,78,901,365.0,934.0,0.42392566782810687,0.934,574,66,8.696969696969697,8.696969696969697
258,white,white,66,B154.json,1000,861,192,652,901,748.0,934.0,0.8687572590011614,0.934,192,66,2.909090909090909,2.909090909090909
259,white,white,99,B154.json,1000,861,78,0,901,39.0,950.5,0.04529616724738676,0.9505,99,78,1.2692307692307692,0.7878787878787878
260,white,white,33,B154.json,1000,861,783,78,967,469.5,983.5,0.5452961672473867,0.9835,783,33,23.727272727272727,23.727272727272727
261,red,red,21,B154.json,1000,861,300,78,0,228.0,10.5,0.26480836236933797,0.0105,300,21,14.285714285714286,14.285714285714286
262,white,white,21,B154.json,1000,861,160,378,0,458.0,10.5,0.5319396051103368,0.0105,160,21,7.619047619047619,7.619047619047619
263,white,white,86,B154.json,1000,861,301,538,0,688.5,43.0,0.7996515679442509,0.043,301,86,3.5,3.5
264,white,white,372,B154.json,1000,861,22,839,0,850.0,186.0,0.9872241579558653,0.186,372,22,16.90909090909091,0.05913978494623656
265,yellow,yellow,179,B154.json,1000,861,78,0,0,39.0,89.5,0.04529616724738676,0.0895,179,78,2.2948717948717947,0.43575418994413406
266,black,black,185,B159.json,955,862,158,704,147,783.0,239.5,0.9083526682134571,0.25078534031413613,185,158,1.1708860759493671,0.8540540540540541
267,white,white,683,B159.json,955,862,704,0,147,352.0,488.5,0.40835266821345706,0.5115183246073298,704,683,1.0307467057101025,1.0307467057101025
268,white,white,498,B159.json,955,862,158,704,332,783.0,581.0,0.9083526682134571,0.6083769633507854,498,158,3.151898734177215,0.3172690763052209
269,red,red,125,B159.json,955,862,158,704,830,783.0,892.5,0.9083526682134571,0.9345549738219895,158,125,1.264,1.264
270,white,white,125,B159.json,955,862,704,0,830,352.0,892.5,0.40835266821345706,0.9345549738219895,704,125,5.632,5.632
271,white,white,147,B159.json,955,862,671,33,0,368.5,73.5,0.4274941995359629,0.07696335078534032,671,147,4.5646258503401365,4.5646258503401365
272,yellow,yellow,147,B159.json,955,862,158,704,0,783.0,73.5,0.9083526682134571,0.07696335078534032,158,147,1.0748299319727892,1.0748299319727892
273,blue,blue,147,B159.json,955,862,33,0,0,16.5,73.5,0.0191415313225058,0.07696335078534032,147,33,4.454545454545454,0.22448979591836735
274,red,red,168,B160.json,1000,864,59,805,95,834.5,179.0,0.9658564814814815,0.179,168,59,2.847457627118644,0.35119047619047616
275,white,white,863,B160.json,1000,864,805,0,95,402.5,526.5,0.46585648148148145,0.5265,863,805,1.0720496894409939,0.93279258400927
276,black,black,218,B160.json,1000,864,59,805,263,834.5,372.0,0.9658564814814815,0.372,218,59,3.694915254237288,0.2706422018348624
277,white,white,477,B160.json,1000,864,59,805,481,834.5,719.5,0.9658564814814815,0.7195,477,59,8.084745762711865,0.12368972746331237
278,blue,blue,42,B160.json,1000,864,742,63,958,434.0,979.0,0.5023148148148148,0.979,742,42,17.666666666666668,17.666666666666668
279,blue,blue,42,B160.json,1000,864,59,805,958,834.5,979.0,0.9658564814814815,0.979,59,42,1.4047619047619047,1.4047619047619047
280,black,black,42,B160.json,1000,864,63,0,958,31.5,979.0,0.036458333333333336,0.979,63,42,1.5,1.5
281,yellow,yellow,95,B160.json,1000,864,412,393,0,599.0,47.5,0.6932870370370371,0.0475,412,95,4.336842105263158,4.336842105263158
282,white,white,95,B160.json,1000,864,59,805,0,834.5,47.5,0.9658564814814815,0.0475,95,59,1.6101694915254237,0.6210526315789474
283,white,white,95,B160.json,1000,864,393,0,0,196.5,47.5,0.22743055555555555,0.0475,393,95,4.136842105263158,4.136842105263158
284,red,red,186,B162.json,953,838,138,700,123,769.0,216.0,0.9176610978520287,0.2266526757607555,186,138,1.3478260869565217,0.7419354838709677
285,white,white,713,B162.json,953,838,700,0,123,350.0,479.5,0.41766109785202865,0.5031479538300105,713,700,1.0185714285714285,0.9817671809256662
286,white,white,527,B162.json,953,838,138,700,309,769.0,572.5,0.9176610978520287,0.6007345225603358,527,138,3.818840579710145,0.2618595825426945
287,blue,blue,117,B162.json,953,838,138,700,836,769.0,894.5,0.9176610978520287,0.9386149003147953,138,117,1.1794871794871795,1.1794871794871795
288,white,white,117,B162.json,953,838,700,0,836,350.0,894.5,0.41766109785202865,0.9386149003147953,700,117,5.982905982905983,5.982905982905983
289,white,white,123,B162.json,953,838,668,32,0,366.0,61.5,0.43675417661097854,0.06453305351521511,668,123,5.430894308943089,5.430894308943089
290,black,black,123,B162.json,953,838,138,700,0,769.0,61.5,0.9176610978520287,0.06453305351521511,138,123,1.1219512195121952,1.1219512195121952
291,yellow,yellow,123,B162.json,953,838,32,0,0,16.0,61.5,0.01909307875894988,0.06453305351521511,123,32,3.84375,0.2601626016260163
292,white,white,745,B163.json,951,854,776,78,169,466.0,541.5,0.5456674473067916,0.5694006309148265,776,745,1.0416107382550335,1.0416107382550335
293,white,white,467,B163.json,951,854,78,0,169,39.0,402.5,0.04566744730679157,0.42323869610935855,467,78,5.987179487179487,0.1670235546038544
294,blue,blue,278,B163.json,951,854,78,0,636,39.0,775.0,0.04566744730679157,0.814931650893796,278,78,3.5641025641025643,0.2805755395683453
295,yellow,yellow,37,B163.json,951,854,776,78,914,466.0,932.5,0.5456674473067916,0.980546792849632,776,37,20.972972972972972,20.972972972972972
296,white,white,37,B163.json,951,854,78,0,914,39.0,932.5,0.04566744730679157,0.980546792849632,78,37,2.108108108108108,2.108108108108108
297,white,white,169,B163.json,951,854,724,78,0,440.0,84.5,0.5152224824355972,0.08885383806519453,724,169,4.284023668639053,4.284023668639053
298,black,black,169,B163.json,951,854,52,802,0,828.0,84.5,0.9695550351288056,0.08885383806519453,169,52,3.25,0.3076923076923077
299,red,red,169,B163.json,951,854,78,0,0,39.0,84.5,0.04566744730679157,0.08885383806519453,169,78,2.1666666666666665,0.46153846153846156
300,white,white,738,B170.json,944,951,698,253,172,602.0,541.0,0.6330178759200841,0.573093220338983,738,698,1.0573065902578798,0.94579945799458
301,white,white,738,B170.json,944,951,253,0,172,126.5,541.0,0.13301787592008413,0.573093220338983,738,253,2.91699604743083,0.3428184281842818
302,white,white,34,B170.json,944,951,698,253,910,602.0,927.0,0.6330178759200841,0.9819915254237288,698,34,20.529411764705884,20.529411764705884
303,red,red,34,B170.json,944,951,253,0,910,126.5,927.0,0.13301787592008413,0.9819915254237288,253,34,7.4411764705882355,7.4411764705882355
304,white,white,172,B170.json,944,951,698,253,0,602.0,86.0,0.6330178759200841,0.09110169491525423,698,172,4.058139534883721,4.058139534883721
305,white,white,172,B170.json,944,951,253,0,0,126.5,86.0,0.13301787592008413,0.09110169491525423,253,172,1.4709302325581395,1.4709302325581395
306,white,white,179,B172.json,931,697,87,610,162,653.5,251.5,0.9375896700143472,0.27013963480128894,179,87,2.057471264367816,0.4860335195530726
307,white,white,675,B172.json,931,697,610,0,162,305.0,499.5,0.4375896700143472,0.5365198711063373,675,610,1.1065573770491803,0.9037037037037037
308,white,white,496,B172.json,931,697,87,610,341,653.5,589.0,0.9375896700143472,0.6326530612244898,496,87,5.7011494252873565,0.17540322580645162
309,red,red,94,B172.json,931,697,87,610,837,653.5,884.0,0.9375896700143472,0.949516648764769,94,87,1.0804597701149425,0.925531914893617
310,white,white,94,B172.json,931,697,610,0,837,305.0,884.0,0.4375896700143472,0.949516648764769,610,94,6.48936170212766,6.48936170212766
311,white,white,162,B172.json,931,697,87,610,0,653.5,81.0,0.9375896700143472,0.08700322234156821,162,87,1.8620689655172413,0.5370370370370371
312,white,white,162,B172.json,931,697,610,0,0,305.0,81.0,0.4375896700143472,0.08700322234156821,610,162,3.765432098765432,3.765432098765432
313,white,white,681,B185.json,750,953,690,222,25,567.0,365.5,0.5949632738719832,0.48733333333333334,690,681,1.013215859030837,1.013215859030837
314,white,white,268,B185.json,750,953,222,0,226,111.0,360.0,0.11647429171038824,0.48,268,222,1.2072072072072073,0.8283582089552238
315,white,white,256,B185.json,750,953,222,0,494,111.0,622.0,0.11647429171038824,0.8293333333333334,256,222,1.1531531531531531,0.8671875
316,red,red,82,B185.json,750,953,41,912,668,932.5,709.0,0.978488982161595,0.9453333333333334,82,41,2.0,0.5
317,yellow,yellow,44,B185.json,750,953,287,222,706,365.5,728.0,0.38352570828961174,0.9706666666666667,287,44,6.5227272727272725,6.5227272727272725
318,white,white,44,B185.json,750,953,403,509,706,710.5,728.0,0.7455403987408185,0.9706666666666667,403,44,9.159090909090908,9.159090909090908
319,white,white,25,B185.json,750,953,690,222,0,567.0,12.5,0.5949632738719832,0.016666666666666666,690,25,27.6,27.6
320,white,white,668,B185.json,750,953,41,912,0,932.5,334.0,0.978488982161595,0.44533333333333336,668,41,16.29268292682927,0.061377245508982034
321,blue,blue,226,B185.json,750,953,222,0,0,111.0,113.0,0.11647429171038824,0.15066666666666667,226,222,1.018018018018018,0.9823008849557522
322,white,white,732,B187.json,947,876,709,167,164,521.5,530.0,0.5953196347031964,0.5596620908130939,732,709,1.0324400564174894,0.9685792349726776
323,white,white,544,B187.json,947,876,167,0,164,83.5,436.0,0.09531963470319635,0.4604012671594509,544,167,3.2574850299401197,0.3069852941176471
324,yellow,yellow,188,B187.json,947,876,167,0,708,83.5,802.0,0.09531963470319635,0.8468848996832101,188,167,1.125748502994012,0.8882978723404256
325,white,white,51,B187.json,947,876,384,167,896,359.0,921.5,0.4098173515981735,0.9730728616684267,384,51,7.529411764705882,7.529411764705882
326,blue,blue,51,B187.json,947,876,325,551,896,713.5,921.5,0.8144977168949772,0.9730728616684267,325,51,6.372549019607843,6.372549019607843
327,white,white,51,B187.json,947,876,167,0,896,83.5,921.5,0.09531963470319635,0.9730728616684267,167,51,3.2745098039215685,3.2745098039215685
328,white,white,164,B187.json,947,876,709,167,0,521.5,82.0,0.5953196347031964,0.08658922914466737,709,164,4.323170731707317,4.323170731707317
329,red,red,164,B187.json,947,876,167,0,0,83.5,82.0,0.09531963470319635,0.08658922914466737,167,164,1.0182926829268293,1.0182926829268293
330,white,white,717,B188.json,955,960,706,209,161,562.0,519.5,0.5854166666666667,0.543979057591623,717,706,1.0155807365439093,0.9846582984658299
331,yellow,yellow,717,B188.json,955,960,45,915,161,937.5,519.5,0.9765625,0.543979057591623,717,45,15.933333333333334,0.06276150627615062
332,red,red,207,B188.json,955,960,209,0,161,104.5,264.5,0.10885416666666667,0.2769633507853403,209,207,1.0096618357487923,1.0096618357487923
333,white,white,587,B188.json,955,960,209,0,368,104.5,661.5,0.10885416666666667,0.6926701570680628,587,209,2.8086124401913874,0.35604770017035775
334,blue,blue,77,B188.json,955,960,387,209,878,402.5,916.5,0.4192708333333333,0.9596858638743455,387,77,5.025974025974026,5.025974025974026
335,white,white,77,B188.json,955,960,364,596,878,778.0,916.5,0.8104166666666667,0.9596858638743455,364,77,4.7272727272727275,4.7272727272727275
336,white,white,161,B188.json,955,960,751,209,0,584.5,80.5,0.6088541666666667,0.08429319371727749,751,161,4.6645962732919255,4.6645962732919255
337,red,red,161,B188.json,955,960,209,0,0,104.5,80.5,0.10885416666666667,0.08429319371727749,209,161,1.2981366459627328,1.2981366459627328
338,white,white,760,B189.json,973,974,198,776,213,875.0,593.0,0.8983572895277208,0.6094552929085303,760,198,3.8383838383838382,0.26052631578947366
339,white,white,731,B189.json,973,974,776,0,213,388.0,578.5,0.39835728952772076,0.5945529290853032,776,731,1.06155950752394,1.06155950752394
340,red,red,29,B189.json,973,974,627,149,944,462.5,958.5,0.4748459958932238,0.9850976361767728,627,29,21.620689655172413,21.620689655172413
341,white,white,29,B189.json,973,974,149,0,944,74.5,958.5,0.07648870636550308,0.9850976361767728,149,29,5.137931034482759,5.137931034482759
342,black,black,213,B189.json,973,974,198,776,0,875.0,106.5,0.8983572895277208,0.10945529290853032,213,198,1.0757575757575757,0.9295774647887324
343,white,white,213,B189.json,973,974,776,0,0,388.0,106.5,0.39835728952772076,0.10945529290853032,776,213,3.643192488262911,3.643192488262911
344,white,white,672,B190.json,977,650,515,135,221,392.5,557.0,0.6038461538461538,0.5701125895598772,672,515,1.3048543689320389,0.7663690476190477
345,white,white,471,B190.json,977,650,135,0,221,67.5,456.5,0.10384615384615385,0.4672466734902764,471,135,3.488888888888889,0.28662420382165604
346,yellow,yellow,201,B190.json,977,650,135,0,692,67.5,792.5,0.10384615384615385,0.8111566018423746,201,135,1.488888888888889,0.6716417910447762
347,white,white,84,B190.json,977,650,422,135,893,346.0,935.0,0.5323076923076923,0.9570112589559877,422,84,5.023809523809524,5.023809523809524
348,blue,blue,84,B190.json,977,650,93,557,893,603.5,935.0,0.9284615384615384,0.9570112589559877,93,84,1.1071428571428572,1.1071428571428572
349,white,white,84,B190.json,977,650,135,0,893,67.5,935.0,0.10384615384615385,0.9570112589559877,135,84,1.6071428571428572,1.6071428571428572
350,white,white,221,B190.json,977,650,515,135,0,392.5,110.5,0.6038461538461538,0.11310133060388945,515,221,2.330316742081448,2.330316742081448
351,red,red,221,B190.json,977,650,135,0,0,67.5,110.5,0.10384615384615385,0.11310133060388945,221,135,1.637037037037037,0.6108597285067874
352,blue,blue,323,B192.json,1000,927,218,709,208,818.0,369.5,0.8824163969795038,0.3695,323,218,1.481651376146789,0.6749226006191951
353,white,white,744,B192.json,1000,927,709,0,208,354.5,580.0,0.3824163969795038,0.58,744,709,1.0493653032440056,0.9529569892473119
354,white,white,421,B192.json,1000,927,218,709,531,818.0,741.5,0.8824163969795038,0.7415,421,218,1.9311926605504588,0.517814726840855
355,white,white,48,B192.json,1000,927,565,144,952,426.5,976.0,0.46008629989212513,0.976,565,48,11.770833333333334,11.770833333333334
356,white,white,48,B192.json,1000,927,218,709,952,818.0,976.0,0.8824163969795038,0.976,218,48,4.541666666666667,4.541666666666667
357,yellow,yellow,48,B192.json,1000,927,144,0,952,72.0,976.0,0.07766990291262135,0.976,144,48,3.0,3.0
358,white,white,208,B192.json,1000,927,218,709,0,818.0,104.0,0.8824163969795038,0.104,218,208,1.0480769230769231,1.0480769230769231
359,white,white,208,B192.json,1000,927,709,0,0,354.5,104.0,0.3824163969795038,0.104,709,208,3.4086538461538463,3.4086538461538463
360,white,white,767,B193.json,973,718,507,211,182,464.5,565.5,0.6469359331476323,0.5811921891058581,767,507,1.5128205128205128,0.6610169491525424
361,yellow,yellow,281,B193.json,973,718,211,0,182,105.5,322.5,0.1469359331476323,0.3314491264131552,281,211,1.3317535545023698,0.7508896797153025
362,white,white,510,B193.json,973,718,211,0,463,105.5,718.0,0.1469359331476323,0.7379239465570401,510,211,2.4170616113744074,0.4137254901960784
363,blue,blue,24,B193.json,973,718,507,211,949,464.5,961.0,0.6469359331476323,0.987667009249743,507,24,21.125,21.125
364,white,white,182,B193.json,973,718,507,211,0,464.5,91.0,0.6469359331476323,0.09352517985611511,507,182,2.7857142857142856,2.7857142857142856
365,black,black,182,B193.json,973,718,211,0,0,105.5,91.0,0.1469359331476323,0.09352517985611511,211,182,1.1593406593406594,1.1593406593406594
366,white,white,734,B194.json,1000,921,718,44,145,403.0,512.0,0.4375678610206297,0.512,734,718,1.0222841225626742,0.9782016348773842
367,white,white,734,B194.json,1000,921,159,762,145,841.5,512.0,0.9136807817589576,0.512,734,159,4.616352201257862,0.21662125340599456
368,blue,blue,734,B194.json,1000,921,44,0,145,22.0,512.0,0.023887079261672096,0.512,734,44,16.681818181818183,0.05994550408719346
369,yellow,yellow,121,B194.json,1000,921,159,762,879,841.5,939.5,0.9136807817589576,0.9395,159,121,1.3140495867768596,1.3140495867768596
370,white,white,121,B194.json,1000,921,762,0,879,381.0,939.5,0.41368078175895767,0.9395,762,121,6.297520661157025,6.297520661157025
371,red,red,145,B194.json,1000,921,159,762,0,841.5,72.5,0.9136807817589576,0.0725,159,145,1.096551724137931,1.096551724137931
372,white,white,145,B194.json,1000,921,762,0,0,381.0,72.5,0.41368078175895767,0.0725,762,145,5.255172413793104,5.255172413793104
373,red,red,274,B195.json,1000,758,196,562,170,660.0,307.0,0.8707124010554089,0.307,274,196,1.3979591836734695,0.7153284671532847
374,white,white,790,B195.json,1000,758,562,0,170,281.0,565.0,0.370712401055409,0.565,790,562,1.405693950177936,0.7113924050632912
375,white,white,556,B195.json,1000,758,196,562,444,660.0,722.0,0.8707124010554089,0.722,556,196,2.836734693877551,0.35251798561151076
376,white,white,40,B195.json,1000,758,431,131,960,346.5,980.0,0.4571240105540897,0.98,431,40,10.775,10.775
377,blue,blue,40,B195.json,1000,758,131,0,960,65.5,980.0,0.08641160949868074,0.98,131,40,3.275,3.275
378,white,white,170,B195.json,1000,758,196,562,0,660.0,85.0,0.8707124010554089,0.085,196,170,1.1529411764705881,1.1529411764705881
379,white,white,170,B195.json,1000,758,562,0,0,281.0,85.0,0.370712401055409,0.085,562,170,3.3058823529411763,3.3058823529411763
380,red,red,568,B196.json,1000,692,285,407,237,549.5,521.0,0.7940751445086706,0.521,568,285,1.9929824561403509,0.5017605633802817
381,white,white,743,B196.json,1000,692,407,0,237,203.5,608.5,0.2940751445086705,0.6085,743,407,1.8255528255528255,0.5477792732166891
382,white,white,195,B196.json,1000,692,285,407,805,549.5,902.5,0.7940751445086706,0.9025,285,195,1.4615384615384615,1.4615384615384615
383,blue,blue,20,B196.json,1000,692,407,0,980,203.5,990.0,0.2940751445086705,0.99,407,20,20.35,20.35
384,white,white,237,B196.json,1000,692,285,407,0,549.5,118.5,0.7940751445086706,0.1185,285,237,1.2025316455696202,1.2025316455696202
385,yellow,yellow,237,B196.json,1000,692,407,0,0,203.5,118.5,0.2940751445086705,0.1185,407,237,1.7172995780590716,1.7172995780590716
386,white,white,587,B197.json,1000,783,273,510,214,646.5,507.5,0.8256704980842912,0.5075,587,273,2.15018315018315,0.46507666098807493
387,white,white,756,B197.json,1000,783,510,0,214,255.0,592.0,0.32567049808429116,0.592,756,510,1.4823529411764707,0.6746031746031746
388,blue,blue,199,B197.json,1000,783,273,510,801,646.5,900.5,0.8256704980842912,0.9005,273,199,1.3718592964824121,1.3718592964824121
389,white,white,30,B197.json,1000,783,510,0,970,255.0,985.0,0.32567049808429116,0.985,510,30,17.0,17.0
390,yellow,yellow,214,B197.json,1000,783,273,510,0,646.5,107.0,0.8256704980842912,0.107,273,214,1.2757009345794392,1.2757009345794392
391,white,white,214,B197.json,1000,783,510,0,0,255.0,107.0,0.32567049808429116,0.107,510,214,2.383177570093458,2.383177570093458
392,white,white,623,B198.json,968,648,226,422,230,535.0,541.5,0.8256172839506173,0.559400826446281,623,226,2.756637168141593,0.36276083467094705
393,white,white,623,B198.json,968,648,422,0,230,211.0,541.5,0.3256172839506173,0.559400826446281,623,422,1.4763033175355451,0.6773675762439807
394,white,white,115,B198.json,968,648,226,422,853,535.0,910.5,0.8256172839506173,0.940599173553719,226,115,1.9652173913043478,1.9652173913043478
395,red,red,115,B198.json,968,648,422,0,853,211.0,910.5,0.3256172839506173,0.940599173553719,422,115,3.6695652173913045,3.6695652173913045
396,yellow,yellow,230,B198.json,968,648,226,422,0,535.0,115.0,0.8256172839506173,0.11880165289256199,230,226,1.0176991150442478,0.9826086956521739
397,white,white,230,B198.json,968,648,422,0,0,211.0,115.0,0.3256172839506173,0.11880165289256199,422,230,1.8347826086956522,1.8347826086956522
398,white,white,750,B199.json,1000,927,771,53,160,438.5,535.0,0.47303128371089537,0.535,771,750,1.028,1.028
399,yellow,yellow,350,B199.json,1000,927,103,824,160,875.5,335.0,0.9444444444444444,0.335,350,103,3.3980582524271843,0.29428571428571426
400,red,red,750,B199.json,1000,927,53,0,160,26.5,535.0,0.028586839266450916,0.535,750,53,14.150943396226415,0.07066666666666667
401,white,white,490,B199.json,1000,927,103,824,510,875.5,755.0,0.9444444444444444,0.755,490,103,4.757281553398058,0.21020408163265306
402,blue,blue,90,B199.json,1000,927,375,449,910,636.5,955.0,0.6866235167206041,0.955,375,90,4.166666666666667,4.166666666666667
403,white,white,90,B199.json,1000,927,449,0,910,224.5,955.0,0.24217907227615965,0.955,449,90,4.988888888888889,4.988888888888889
404,yellow,yellow,160,B199.json,1000,927,103,824,0,875.5,80.0,0.9444444444444444,0.08,160,103,1.5533980582524272,0.64375
405,white,white,160,B199.json,1000,927,824,0,0,412.0,80.0,0.4444444444444444,0.08,824,160,5.15,5.15
406,white,white,618,B200.json,1000,698,265,433,208,565.5,517.0,0.8101719197707736,0.517,618,265,2.332075471698113,0.42880258899676377
407,white,white,673,B200.json,1000,698,433,0,208,216.5,544.5,0.31017191977077363,0.5445,673,433,1.5542725173210161,0.6433878157503715
408,blue,blue,174,B200.json,1000,698,265,433,826,565.5,913.0,0.8101719197707736,0.913,265,174,1.5229885057471264,1.5229885057471264
409,white,white,119,B200.json,1000,698,319,114,881,273.5,940.5,0.39183381088825214,0.9405,319,119,2.680672268907563,2.680672268907563
410,yellow,yellow,119,B200.json,1000,698,114,0,881,57.0,940.5,0.08166189111747851,0.9405,119,114,1.043859649122807,0.957983193277311
411,white,white,208,B200.json,1000,698,265,433,0,565.5,104.0,0.8101719197707736,0.104,265,208,1.2740384615384615,1.2740384615384615
412,red,red,208,B200.json,1000,698,433,0,0,216.5,104.0,0.31017191977077363,0.104,433,208,2.081730769230769,2.081730769230769
413,blue,blue,555,B201.json,1000,640,246,375,296,498.0,573.5,0.778125,0.5735,555,246,2.2560975609756095,0.44324324324324327
414,white,white,555,B201.json,1000,640,19,621,296,630.5,573.5,0.98515625,0.5735,555,19,29.210526315789473,0.03423423423423423
415,white,white,555,B201.json,1000,640,375,0,296,187.5,573.5,0.29296875,0.5735,555,375,1.48,0.6756756756756757
416,yellow,yellow,137,B201.json,1000,640,303,72,851,223.5,919.5,0.34921875,0.9195,303,137,2.2116788321167884,2.2116788321167884
417,white,white,149,B201.json,1000,640,265,375,851,507.5,925.5,0.79296875,0.9255,265,149,1.778523489932886,1.778523489932886
418,white,white,149,B201.json,1000,640,72,0,851,36.0,925.5,0.05625,0.9255,149,72,2.0694444444444446,0.48322147651006714
419,white,white,12,B201.json,1000,640,303,72,988,223.5,994.0,0.34921875,0.994,303,12,25.25,25.25
420,white,white,296,B201.json,1000,640,265,375,0,507.5,148.0,0.79296875,0.148,296,265,1.1169811320754717,0.8952702702702703
421,red,red,296,B201.json,1000,640,375,0,0,187.5,148.0,0.29296875,0.148,375,296,1.2668918918918919,1.2668918918918919
422,white,white,281,B207.json,786,781,235,0,268,117.5,408.5,0.15044814340588988,0.5197201017811705,281,235,1.195744680851064,0.8362989323843416
423,white,white,237,B207.json,786,781,468,235,549,469.0,667.5,0.6005121638924455,0.8492366412213741,468,237,1.9746835443037976,1.9746835443037976
424,black,black,237,B207.json,786,781,78,703,549,742.0,667.5,0.9500640204865557,0.8492366412213741,237,78,3.0384615384615383,0.3291139240506329
425,blue,blue,237,B207.json,786,781,235,0,549,117.5,667.5,0.15044814340588988,0.8492366412213741,237,235,1.0085106382978724,0.9915611814345991
426,white,white,549,B207.json,786,781,546,235,0,508.0,274.5,0.6504481434058899,0.34923664122137404,549,546,1.0054945054945055,0.994535519125683
427,yellow,yellow,268,B207.json,786,781,235,0,0,117.5,134.0,0.15044814340588988,0.17048346055979643,268,235,1.1404255319148937,0.8768656716417911
428,blue,blue,312,B208.json,949,763,278,485,384,624.0,540.0,0.817824377457405,0.5690200210748156,312,278,1.1223021582733812,0.8910256410256411
429,white,white,565,B208.json,949,763,485,0,384,242.5,666.5,0.317824377457405,0.70231822971549,565,485,1.1649484536082475,0.8584070796460177
430,white,white,253,B208.json,949,763,278,485,696,624.0,822.5,0.817824377457405,0.8667017913593256,278,253,1.098814229249012,1.098814229249012
431,white,white,384,B208.json,949,763,278,485,0,624.0,192.0,0.817824377457405,0.20231822971549,384,278,1.381294964028777,0.7239583333333334
432,yellow,yellow,384,B208.json,949,763,485,0,0,242.5,192.0,0.317824377457405,0.20231822971549,485,384,1.2630208333333333,1.2630208333333333
433,blue,blue,300,B209.json,997,803,282,521,304,662.0,454.0,0.8244084682440846,0.45536609829488467,300,282,1.0638297872340425,0.94
434,white,white,693,B209.json,997,803,521,0,304,260.5,650.5,0.3244084682440847,0.652457372116349,693,521,1.3301343570057582,0.7518037518037518
435,white,white,393,B209.json,997,803,282,521,604,662.0,800.5,0.8244084682440846,0.8029087261785356,393,282,1.3936170212765957,0.7175572519083969
436,white,white,304,B209.json,997,803,282,521,0,662.0,152.0,0.8244084682440846,0.15245737211634905,304,282,1.0780141843971631,0.9276315789473685
437,red,red,304,B209.json,997,803,521,0,0,260.5,152.0,0.3244084682440847,0.15245737211634905,521,304,1.7138157894736843,1.7138157894736843
438,white,white,326,B212.json,955,954,315,0,316,157.5,479.0,0.1650943396226415,0.5015706806282723,326,315,1.034920634920635,0.9662576687116564
439,white,white,313,B212.json,955,954,541,315,642,585.5,798.5,0.6137316561844863,0.8361256544502618,541,313,1.7284345047923322,1.7284345047923322
440,black,black,145,B212.json,955,954,98,856,642,905.0,714.5,0.9486373165618449,0.7481675392670157,145,98,1.4795918367346939,0.6758620689655173
441,blue,blue,313,B212.json,955,954,315,0,642,157.5,798.5,0.1650943396226415,0.8361256544502618,315,313,1.0063897763578276,1.0063897763578276
442,yellow,yellow,168,B212.json,955,954,98,856,787,905.0,871.0,0.9486373165618449,0.912041884816754,168,98,1.7142857142857142,0.5833333333333334
443,red,red,642,B212.json,955,954,639,315,0,634.5,321.0,0.6650943396226415,0.33612565445026177,642,639,1.0046948356807512,0.9953271028037384
444,white,white,316,B212.json,955,954,315,0,0,157.5,158.0,0.1650943396226415,0.16544502617801046,316,315,1.0031746031746032,0.9968354430379747
445,white,white,302,B214.json,1000,960,241,0,421,120.5,572.0,0.12552083333333333,0.572,302,241,1.2531120331950207,0.7980132450331126
446,white,white,277,B214.json,1000,960,626,241,723,554.0,861.5,0.5770833333333333,0.8615,626,277,2.259927797833935,2.259927797833935
447,black,black,152,B214.json,1000,960,93,867,723,913.5,799.0,0.9515625,0.799,152,93,1.6344086021505377,0.6118421052631579
448,white,white,277,B214.json,1000,960,241,0,723,120.5,861.5,0.12552083333333333,0.8615,277,241,1.1493775933609958,0.8700361010830325
449,white,white,125,B214.json,1000,960,93,867,875,913.5,937.5,0.9515625,0.9375,125,93,1.3440860215053763,0.744
450,white,white,723,B214.json,1000,960,719,241,0,600.5,361.5,0.6255208333333333,0.3615,723,719,1.0055632823365785,0.9944674965421854
451,red,red,421,B214.json,1000,960,241,0,0,120.5,210.5,0.12552083333333333,0.2105,421,241,1.7468879668049793,0.5724465558194775
452,white,white,386,B215.json,970,976,429,441,560,655.5,753.0,0.6716188524590164,0.7762886597938145,429,386,1.11139896373057,1.11139896373057
453,blue,blue,163,B215.json,970,976,106,870,560,923.0,641.5,0.9456967213114754,0.661340206185567,163,106,1.5377358490566038,0.6503067484662577
454,white,white,410,B215.json,970,976,441,0,560,220.5,765.0,0.22592213114754098,0.788659793814433,441,410,1.075609756097561,1.075609756097561
455,white,white,247,B215.json,970,976,106,870,723,923.0,846.5,0.9456967213114754,0.872680412371134,247,106,2.330188679245283,0.4291497975708502
456,white,white,24,B215.json,970,976,429,441,946,655.5,958.0,0.6716188524590164,0.9876288659793815,429,24,17.875,17.875
457,white,white,560,B215.json,970,976,535,441,0,708.5,280.0,0.725922131147541,0.28865979381443296,560,535,1.0467289719626167,0.9553571428571429
458,yellow,yellow,560,B215.json,970,976,441,0,0,220.5,280.0,0.22592213114754098,0.28865979381443296,560,441,1.2698412698412698,0.7875
459,white,white,413,B217.json,1000,996,242,0,318,121.0,524.5,0.1214859437751004,0.5245,413,242,1.7066115702479339,0.585956416464891
460,white,white,269,B217.json,1000,996,684,242,731,584.0,865.5,0.5863453815261044,0.8655,684,269,2.54275092936803,2.54275092936803
461,white,white,139,B217.json,1000,996,70,926,731,961.0,800.5,0.964859437751004,0.8005,139,70,1.9857142857142858,0.5035971223021583
462,blue,blue,269,B217.json,1000,996,242,0,731,121.0,865.5,0.1214859437751004,0.8655,269,242,1.1115702479338843,0.8996282527881041
463,yellow,yellow,130,B217.json,1000,996,70,926,870,961.0,935.0,0.964859437751004,0.935,130,70,1.8571428571428572,0.5384615384615384
464,red,red,731,B217.json,1000,996,754,242,0,619.0,365.5,0.6214859437751004,0.3655,754,731,1.0314637482900137,1.0314637482900137
465,white,white,318,B217.json,1000,996,242,0,0,121.0,159.0,0.1214859437751004,0.159,318,242,1.3140495867768596,0.7610062893081762
466,white,white,398,B219.json,959,962,233,0,304,116.5,503.0,0.12110187110187111,0.5245046923879041,398,233,1.7081545064377683,0.585427135678392
467,white,white,257,B219.json,959,962,660,233,702,563.0,830.5,0.5852390852390852,0.8660062565172054,660,257,2.568093385214008,2.568093385214008
468,white,white,134,B219.json,959,962,69,893,702,927.5,769.0,0.9641372141372141,0.8018769551616267,134,69,1.9420289855072463,0.5149253731343284
469,blue,blue,257,B219.json,959,962,233,0,702,116.5,830.5,0.12110187110187111,0.8660062565172054,257,233,1.1030042918454936,0.9066147859922179
470,yellow,yellow,123,B219.json,959,962,69,893,836,927.5,897.5,0.9641372141372141,0.9358706986444213,123,69,1.7826086956521738,0.5609756097560976
471,red,red,702,B219.json,959,962,729,233,0,597.5,351.0,0.6211018711018711,0.3660062565172054,729,702,1.0384615384615385,1.0384615384615385
472,white,white,304,B219.json,959,962,233,0,0,116.5,152.0,0.12110187110187111,0.15849843587069865,304,233,1.3047210300429184,0.7664473684210527
473,white,white,387,B221.json,1000,998,412,501,585,707.0,778.5,0.7084168336673347,0.7785,412,387,1.0645994832041343,1.0645994832041343
474,yellow,yellow,181,B221.json,1000,998,85,913,585,955.5,675.5,0.9574148296593187,0.6755,181,85,2.1294117647058823,0.4696132596685083
475,white,white,415,B221.json,1000,998,501,0,585,250.5,792.5,0.25100200400801603,0.7925,501,415,1.2072289156626506,1.2072289156626506
476,white,white,234,B221.json,1000,998,85,913,766,955.5,883.0,0.9574148296593187,0.883,234,85,2.7529411764705882,0.36324786324786323
477,white,white,28,B221.json,1000,998,412,501,972,707.0,986.0,0.7084168336673347,0.986,412,28,14.714285714285714,14.714285714285714
478,white,white,585,B221.json,1000,998,497,501,0,749.5,292.5,0.751002004008016,0.2925,585,497,1.1770623742454729,0.8495726495726496
479,white,white,585,B221.json,1000,998,501,0,0,250.5,292.5,0.25100200400801603,0.2925,585,501,1.1676646706586826,0.8564102564102564
480,blue,blue,301,B222.json,1000,740,312,398,269,554.0,419.5,0.7486486486486487,0.4195,312,301,1.0365448504983388,1.0365448504983388
481,white,white,731,B222.json,1000,740,30,710,269,725.0,634.5,0.9797297297297297,0.6345,731,30,24.366666666666667,0.04103967168262654
482,white,white,570,B222.json,1000,740,398,0,269,199.0,554.0,0.2689189189189189,0.554,570,398,1.4321608040201006,0.6982456140350877
483,white,white,269,B222.json,1000,740,312,398,570,554.0,704.5,0.7486486486486487,0.7045,312,269,1.1598513011152416,1.1598513011152416
484,white,white,146,B222.json,1000,740,344,54,839,226.0,912.0,0.3054054054054054,0.912,344,146,2.356164383561644,2.356164383561644
485,white,white,161,B222.json,1000,740,312,398,839,554.0,919.5,0.7486486486486487,0.9195,312,161,1.937888198757764,1.937888198757764
486,yellow,yellow,161,B222.json,1000,740,54,0,839,27.0,919.5,0.03648648648648649,0.9195,161,54,2.9814814814814814,0.33540372670807456
487,white,white,15,B222.json,1000,740,344,54,985,226.0,992.5,0.3054054054054054,0.9925,344,15,22.933333333333334,22.933333333333334
488,white,white,269,B222.json,1000,740,342,398,0,569.0,134.5,0.768918918918919,0.1345,342,269,1.271375464684015,1.271375464684015
489,red,red,269,B222.json,1000,740,398,0,0,199.0,134.5,0.2689189189189189,0.1345,398,269,1.479553903345725,1.479553903345725
490,white,white,377,B225.json,959,955,412,437,554,643.0,742.5,0.6732984293193718,0.7742440041710115,412,377,1.0928381962864722,1.0928381962864722
491,white,white,202,B225.json,959,955,106,849,554,902.0,655.0,0.9445026178010472,0.6830031282586028,202,106,1.9056603773584906,0.5247524752475248
492,white,white,405,B225.json,959,955,437,0,554,218.5,756.5,0.22879581151832462,0.7888425443169969,437,405,1.0790123456790124,1.0790123456790124
493,yellow,yellow,203,B225.json,959,955,106,849,756,902.0,857.5,0.9445026178010472,0.8941605839416058,203,106,1.9150943396226414,0.5221674876847291
494,white,white,28,B225.json,959,955,412,437,931,643.0,945.0,0.6732984293193718,0.9854014598540146,412,28,14.714285714285714,14.714285714285714
495,white,white,554,B225.json,959,955,518,437,0,696.0,277.0,0.7287958115183246,0.28884254431699685,554,518,1.0694980694980696,0.9350180505415162
496,blue,blue,554,B225.json,959,955,437,0,0,218.5,277.0,0.22879581151832462,0.28884254431699685,554,437,1.2677345537757436,0.7888086642599278
497,white,white,383,B227.json,1000,984,433,427,584,643.5,775.5,0.6539634146341463,0.7755,433,383,1.1305483028720626,1.1305483028720626
498,blue,blue,189,B227.json,1000,984,124,860,584,922.0,678.5,0.9369918699186992,0.6785,189,124,1.5241935483870968,0.656084656084656
499,red,red,416,B227.json,1000,984,427,0,584,213.5,792.0,0.21697154471544716,0.792,427,416,1.0264423076923077,1.0264423076923077
500,white,white,227,B227.json,1000,984,124,860,773,922.0,886.5,0.9369918699186992,0.8865,227,124,1.8306451612903225,0.5462555066079295
501,white,white,33,B227.json,1000,984,433,427,967,643.5,983.5,0.6539634146341463,0.9835,433,33,13.121212121212121,13.121212121212121
502,white,white,584,B227.json,1000,984,557,427,0,705.5,292.0,0.7169715447154471,0.292,584,557,1.0484739676840216,0.9537671232876712
503,white,white,584,B227.json,1000,984,427,0,0,213.5,292.0,0.21697154471544716,0.292,584,427,1.3676814988290398,0.7311643835616438
504,white,white,377,B228.json,995,1000,417,491,595,699.5,783.5,0.6995,0.7874371859296483,417,377,1.106100795755968,1.106100795755968
505,blue,blue,162,B228.json,995,1000,92,908,595,954.0,676.0,0.954,0.6793969849246231,162,92,1.7608695652173914,0.5679012345679012
506,white,white,400,B228.json,995,1000,491,0,595,245.5,795.0,0.2455,0.7989949748743719,491,400,1.2275,1.2275
507,white,white,238,B228.json,995,1000,92,908,757,954.0,876.0,0.954,0.8804020100502512,238,92,2.5869565217391304,0.3865546218487395
508,white,white,23,B228.json,995,1000,417,491,972,699.5,983.5,0.6995,0.9884422110552764,417,23,18.130434782608695,18.130434782608695
509,white,white,595,B228.json,995,1000,509,491,0,745.5,297.5,0.7455,0.2989949748743719,595,509,1.168958742632613,0.8554621848739495
510,yellow,yellow,595,B228.json,995,1000,491,0,0,245.5,297.5,0.2455,0.2989949748743719,595,491,1.2118126272912424,0.8252100840336134
511,white,white,388,B230.json,984,1000,412,451,537,657.0,731.0,0.657,0.7428861788617886,412,388,1.0618556701030928,1.0618556701030928
512,blue,blue,264,B230.json,984,1000,137,863,537,931.5,669.0,0.9315,0.6798780487804879,264,137,1.927007299270073,0.5189393939393939
513,white,white,447,B230.json,984,1000,451,0,537,225.5,760.5,0.2255,0.7728658536585366,451,447,1.0089485458612975,1.0089485458612975
514,white,white,183,B230.json,984,1000,137,863,801,931.5,892.5,0.9315,0.9070121951219512,183,137,1.3357664233576643,0.7486338797814208
515,white,white,59,B230.json,984,1000,412,451,925,657.0,954.5,0.657,0.970020325203252,412,59,6.983050847457627,6.983050847457627
516,white,white,537,B230.json,984,1000,549,451,0,725.5,268.5,0.7255,0.2728658536585366,549,537,1.0223463687150838,1.0223463687150838
517,red,red,537,B230.json,984,1000,451,0,0,225.5,268.5,0.2255,0.2728658536585366,537,451,1.1906873614190687,0.839851024208566
518,white,white,356,B232.json,825,823,366,355,430,538.0,608.0,0.6537059538274606,0.7369696969696969,366,356,1.0280898876404494,1.0280898876404494
519,red,red,190,B232.json,825,823,102,721,430,772.0,525.0,0.9380315917375456,0.6363636363636364,190,102,1.8627450980392157,0.5368421052631579
520,white,white,395,B232.json,825,823,355,0,430,177.5,627.5,0.21567436208991494,0.7606060606060606,395,355,1.1126760563380282,0.8987341772151899
521,white,white,205,B232.json,825,823,102,721,620,772.0,722.5,0.9380315917375456,0.8757575757575757,205,102,2.0098039215686274,0.4975609756097561
522,white,white,39,B232.json,825,823,366,355,786,538.0,805.5,0.6537059538274606,0.9763636363636363,366,39,9.384615384615385,9.384615384615385
523,white,white,430,B232.json,825,823,468,355,0,589.0,215.0,0.715674362089915,0.2606060606060606,468,430,1.0883720930232559,1.0883720930232559
524,white,white,430,B232.json,825,823,355,0,0,177.5,215.0,0.21567436208991494,0.2606060606060606,430,355,1.2112676056338028,0.8255813953488372
525,white,white,308,B233.json,727,675,383,256,392,447.5,546.0,0.662962962962963,0.7510316368638239,383,308,1.2435064935064934,1.2435064935064934
526,blue,blue,140,B233.json,727,675,36,639,392,657.0,462.0,0.9733333333333334,0.6354883081155434,140,36,3.888888888888889,0.2571428571428571
527,white,white,335,B233.json,727,675,256,0,392,128.0,559.5,0.18962962962962962,0.7696011004126547,335,256,1.30859375,0.764179104477612
528,white,white,195,B233.json,727,675,36,639,532,657.0,629.5,0.9733333333333334,0.8658872077028886,195,36,5.416666666666667,0.18461538461538463
529,yellow,yellow,27,B233.json,727,675,383,256,700,447.5,713.5,0.662962962962963,0.9814305364511692,383,27,14.185185185185185,14.185185185185185
530,white,white,392,B233.json,727,675,419,256,0,465.5,196.0,0.6896296296296296,0.2696011004126547,419,392,1.0688775510204083,1.0688775510204083
531,red,red,392,B233.json,727,675,256,0,0,128.0,196.0,0.18962962962962962,0.2696011004126547,392,256,1.53125,0.6530612244897959
532,white,white,413,B234.json,1000,981,402,416,540,617.0,746.5,0.6289500509683996,0.7465,413,402,1.027363184079602,0.9733656174334141
533,blue,blue,255,B234.json,1000,981,163,818,540,899.5,667.5,0.916921508664628,0.6675,255,163,1.5644171779141105,0.6392156862745098
534,white,white,460,B234.json,1000,981,416,0,540,208.0,770.0,0.21202854230377166,0.77,460,416,1.1057692307692308,0.9043478260869565
535,white,white,205,B234.json,1000,981,163,818,795,899.5,897.5,0.916921508664628,0.8975,205,163,1.2576687116564418,0.7951219512195122
536,white,white,47,B234.json,1000,981,402,416,953,617.0,976.5,0.6289500509683996,0.9765,402,47,8.553191489361701,8.553191489361701
537,white,white,540,B234.json,1000,981,565,416,0,698.5,270.0,0.7120285423037717,0.27,565,540,1.0462962962962963,1.0462962962962963
538,yellow,yellow,540,B234.json,1000,981,416,0,0,208.0,270.0,0.21202854230377166,0.27,540,416,1.2980769230769231,0.7703703703703704
539,white,white,330,B235.json,995,1000,327,0,340,163.5,505.0,0.1635,0.507537688442211,330,327,1.0091743119266054,0.990909090909091
540,white,white,325,B235.json,995,1000,559,327,670,606.5,832.5,0.6065,0.8366834170854272,559,325,1.72,1.72
541,white,white,325,B235.json,995,1000,114,886,670,943.0,832.5,0.943,0.8366834170854272,325,114,2.8508771929824563,0.3507692307692308
542,yellow,yellow,325,B235.json,995,1000,327,0,670,163.5,832.5,0.1635,0.8366834170854272,327,325,1.0061538461538462,1.0061538461538462
543,blue,blue,670,B235.json,995,1000,673,327,0,663.5,335.0,0.6635,0.33668341708542715,673,670,1.0044776119402985,1.0044776119402985
544,white,white,340,B235.json,995,1000,327,0,0,163.5,170.0,0.1635,0.1708542713567839,340,327,1.039755351681957,0.961764705882353
545,blue,blue,256,B236.json,978,791,236,555,276,673.0,404.0,0.8508217446270544,0.4130879345603272,256,236,1.0847457627118644,0.921875
546,white,white,702,B236.json,978,791,555,0,276,277.5,627.0,0.35082174462705434,0.6411042944785276,702,555,1.2648648648648648,0.7905982905982906
547,white,white,446,B236.json,978,791,236,555,532,673.0,755.0,0.8508217446270544,0.7719836400817995,446,236,1.8898305084745763,0.5291479820627802
548,white,white,276,B236.json,978,791,236,555,0,673.0,138.0,0.8508217446270544,0.1411042944785276,276,236,1.1694915254237288,0.855072463768116
549,yellow,yellow,276,B236.json,978,791,555,0,0,277.5,138.0,0.35082174462705434,0.1411042944785276,555,276,2.010869565217391,2.010869565217391
550,white,white,700,B239.json,1000,793,549,244,239,518.5,589.0,0.6538461538461539,0.589,700,549,1.2750455373406193,0.7842857142857143
551,red,red,190,B239.json,1000,793,244,0,239,122.0,334.0,0.15384615384615385,0.334,244,190,1.2842105263157895,1.2842105263157895
552,white,white,571,B239.json,1000,793,244,0,429,122.0,714.5,0.15384615384615385,0.7145,571,244,2.3401639344262297,0.4273204903677758
553,blue,blue,61,B239.json,1000,793,549,244,939,518.5,969.5,0.6538461538461539,0.9695,549,61,9.0,9.0
554,white,white,239,B239.json,1000,793,549,244,0,518.5,119.5,0.6538461538461539,0.1195,549,239,2.297071129707113,2.297071129707113
555,red,red,239,B239.json,1000,793,244,0,0,122.0,119.5,0.15384615384615385,0.1195,244,239,1.0209205020920502,1.0209205020920502
556,white,white,714,B240.json,993,812,254,558,279,685.0,636.0,0.8435960591133005,0.6404833836858006,714,254,2.811023622047244,0.3557422969187675
557,white,white,654,B240.json,993,812,558,0,279,279.0,606.0,0.3435960591133005,0.6102719033232629,654,558,1.1720430107526882,0.8532110091743119
558,yellow,yellow,60,B240.json,993,812,558,0,933,279.0,963.0,0.3435960591133005,0.9697885196374623,558,60,9.3,9.3
559,blue,blue,279,B240.json,993,812,254,558,0,685.0,139.5,0.8435960591133005,0.1404833836858006,279,254,1.0984251968503937,0.910394265232975
560,white,white,279,B240.json,993,812,558,0,0,279.0,139.5,0.3435960591133005,0.1404833836858006,558,279,2.0,2.0
561,white,white,691,B244.json,1000,489,195,294,91,391.5,436.5,0.8006134969325154,0.4365,691,195,3.5435897435897434,0.2821997105643994
562,white,white,218,B244.json,1000,489,195,294,782,391.5,891.0,0.8006134969325154,0.891,218,195,1.117948717948718,0.8944954128440367
563,white,white,1000,B244.json,1000,489,230,64,0,179.0,500.0,0.3660531697341513,0.5,1000,230,4.3478260869565215,0.23
564,blue,blue,91,B244.json,1000,489,195,294,0,391.5,45.5,0.8006134969325154,0.0455,195,91,2.142857142857143,2.142857142857143
565,white,white,1000,B244.json,1000,489,64,0,0,32.0,500.0,0.065439672801636,0.5,1000,64,15.625,0.064
566,white,white,426,B245.json,1000,969,256,326,228,454.0,441.0,0.46852425180598556,0.441,426,256,1.6640625,0.6009389671361502
567,white,white,426,B245.json,1000,969,368,582,228,766.0,441.0,0.7905056759545923,0.441,426,368,1.1576086956521738,0.863849765258216
568,white,white,426,B245.json,1000,969,19,950,228,959.5,441.0,0.9901960784313726,0.441,426,19,22.42105263157895,0.04460093896713615
569,white,white,426,B245.json,1000,969,326,0,228,163.0,441.0,0.16821465428276575,0.441,426,326,1.3067484662576687,0.7652582159624414
570,white,white,346,B245.json,1000,969,256,326,654,454.0,827.0,0.46852425180598556,0.827,346,256,1.3515625,0.7398843930635838
571,white,white,284,B245.json,1000,969,387,582,654,775.5,796.0,0.8003095975232198,0.796,387,284,1.3626760563380282,1.3626760563380282
572,white,white,346,B245.json,1000,969,326,0,654,163.0,827.0,0.16821465428276575,0.827,346,326,1.0613496932515338,0.9421965317919075
573,white,white,62,B245.json,1000,969,387,582,938,775.5,969.0,0.8003095975232198,0.969,387,62,6.241935483870968,6.241935483870968
574,white,white,228,B245.json,1000,969,256,326,0,454.0,114.0,0.46852425180598556,0.114,256,228,1.1228070175438596,1.1228070175438596
575,white,white,228,B245.json,1000,969,387,582,0,775.5,114.0,0.8003095975232198,0.114,387,228,1.6973684210526316,1.6973684210526316
576,red,red,228,B245.json,1000,969,326,0,0,163.0,114.0,0.16821465428276575,0.114,326,228,1.4298245614035088,1.4298245614035088
577,white,white,144,B253.json,1000,950,576,374,106,662.0,178.0,0.6968421052631579,0.178,576,144,4.0,4.0
578,white,white,144,B253.json,1000,950,374,0,106,187.0,178.0,0.1968421052631579,0.178,374,144,2.5972222222222223,2.5972222222222223
579,white,white,750,B253.json,1000,950,576,374,250,662.0,625.0,0.6968421052631579,0.625,750,576,1.3020833333333333,0.768
580,white,white,750,B253.json,1000,950,374,0,250,187.0,625.0,0.1968421052631579,0.625,750,374,2.0053475935828877,0.49866666666666665
581,white,white,106,B253.json,1000,950,576,374,0,662.0,53.0,0.6968421052631579,0.053,576,106,5.433962264150943,5.433962264150943
582,yellow,yellow,106,B253.json,1000,950,374,0,0,187.0,53.0,0.1968421052631579,0.053,374,106,3.5283018867924527,3.5283018867924527
583,white,white,341,B254.json,969,753,316,19,306,177.0,476.5,0.2350597609561753,0.4917440660474716,341,316,1.0791139240506329,0.9266862170087976
584,white,white,341,B254.json,969,753,176,335,306,423.0,476.5,0.5617529880478087,0.4917440660474716,341,176,1.9375,0.5161290322580645
585,white,white,341,B254.json,969,753,242,511,306,632.0,476.5,0.8393094289508632,0.4917440660474716,341,242,1.4090909090909092,0.7096774193548387
586,white,white,341,B254.json,969,753,19,0,306,9.5,476.5,0.012616201859229747,0.4917440660474716,341,19,17.94736842105263,0.05571847507331378
587,white,white,322,B254.json,969,753,176,335,647,423.0,808.0,0.5617529880478087,0.8338493292053664,322,176,1.8295454545454546,0.546583850931677
588,white,white,322,B254.json,969,753,242,511,647,632.0,808.0,0.8393094289508632,0.8338493292053664,322,242,1.3305785123966942,0.7515527950310559
589,white,white,322,B254.json,969,753,335,0,647,167.5,808.0,0.22244355909694555,0.8338493292053664,335,322,1.0403726708074534,1.0403726708074534
590,white,white,306,B254.json,969,753,176,335,0,423.0,153.0,0.5617529880478087,0.15789473684210525,306,176,1.7386363636363635,0.5751633986928104
591,white,white,306,B254.json,969,753,242,511,0,632.0,153.0,0.8393094289508632,0.15789473684210525,306,242,1.2644628099173554,0.7908496732026143
592,red,red,306,B254.json,969,753,335,0,0,167.5,153.0,0.22244355909694555,0.15789473684210525,335,306,1.0947712418300655,1.0947712418300655
593,white,white,215,B259.json,985,948,528,420,354,684.0,461.5,0.7215189873417721,0.4685279187817259,528,215,2.4558139534883723,2.4558139534883723
594,white,white,215,B259.json,985,948,420,0,354,210.0,461.5,0.22151898734177214,0.4685279187817259,420,215,1.9534883720930232,1.9534883720930232
595,white,white,106,B259.json,985,948,528,420,569,684.0,622.0,0.7215189873417721,0.6314720812182741,528,106,4.981132075471698,4.981132075471698
596,white,white,106,B259.json,985,948,420,0,569,210.0,622.0,0.22151898734177214,0.6314720812182741,420,106,3.9622641509433962,3.9622641509433962
597,blue,blue,256,B259.json,985,948,265,420,675,552.5,803.0,0.5828059071729957,0.8152284263959391,265,256,1.03515625,1.03515625
598,white,white,310,B259.json,985,948,263,685,675,816.5,830.0,0.8612869198312236,0.8426395939086294,310,263,1.1787072243346008,0.8483870967741935
599,white,white,310,B259.json,985,948,420,0,675,210.0,830.0,0.22151898734177214,0.8426395939086294,420,310,1.3548387096774193,1.3548387096774193
600,white,white,54,B259.json,985,948,265,420,931,552.5,958.0,0.5828059071729957,0.9725888324873097,265,54,4.907407407407407,4.907407407407407
601,white,white,354,B259.json,985,948,528,420,0,684.0,177.0,0.7215189873417721,0.17969543147208122,528,354,1.4915254237288136,1.4915254237288136
602,white,white,354,B259.json,985,948,420,0,0,210.0,177.0,0.22151898734177214,0.17969543147208122,420,354,1.1864406779661016,1.1864406779661016
603,white,white,224,B261.json,954,932,509,423,398,677.5,510.0,0.726931330472103,0.5345911949685535,509,224,2.2723214285714284,2.2723214285714284
604,white,white,224,B261.json,954,932,423,0,398,211.5,510.0,0.226931330472103,0.5345911949685535,423,224,1.8883928571428572,1.8883928571428572
605,white,white,332,B261.json,954,932,328,95,622,259.0,788.0,0.2778969957081545,0.8259958071278826,332,328,1.0121951219512195,0.9879518072289156
606,blue,blue,285,B261.json,954,932,291,423,622,568.5,764.5,0.6099785407725322,0.8013626834381551,291,285,1.0210526315789474,1.0210526315789474
607,white,white,332,B261.json,954,932,218,714,622,823.0,788.0,0.8830472103004292,0.8259958071278826,332,218,1.5229357798165137,0.6566265060240963
608,yellow,yellow,332,B261.json,954,932,95,0,622,47.5,788.0,0.050965665236051505,0.8259958071278826,332,95,3.4947368421052634,0.286144578313253
609,white,white,47,B261.json,954,932,291,423,907,568.5,930.5,0.6099785407725322,0.9753668763102725,291,47,6.191489361702128,6.191489361702128
610,white,white,398,B261.json,954,932,509,423,0,677.5,199.0,0.726931330472103,0.20859538784067086,509,398,1.278894472361809,1.278894472361809
611,red,red,398,B261.json,954,932,423,0,0,211.5,199.0,0.226931330472103,0.20859538784067086,423,398,1.0628140703517588,1.0628140703517588
612,white,white,93,B262.json,1000,769,465,304,163,536.5,209.5,0.6976592977893368,0.2095,465,93,5.0,5.0
613,red,red,93,B262.json,1000,769,304,0,163,152.0,209.5,0.1976592977893368,0.2095,304,93,3.2688172043010755,3.2688172043010755
614,white,white,744,B262.json,1000,769,465,304,256,536.5,628.0,0.6976592977893368,0.628,744,465,1.6,0.625
615,red,red,108,B262.json,1000,769,304,0,256,152.0,310.0,0.1976592977893368,0.31,304,108,2.814814814814815,2.814814814814815
616,white,white,510,B262.json,1000,769,304,0,364,152.0,619.0,0.1976592977893368,0.619,510,304,1.6776315789473684,0.596078431372549
617,white,white,126,B262.json,1000,769,304,0,874,152.0,937.0,0.1976592977893368,0.937,304,126,2.4126984126984126,2.4126984126984126
618,white,white,163,B262.json,1000,769,465,304,0,536.5,81.5,0.6976592977893368,0.0815,465,163,2.852760736196319,2.852760736196319
619,red,red,163,B262.json,1000,769,304,0,0,152.0,81.5,0.1976592977893368,0.0815,304,163,1.8650306748466257,1.8650306748466257
620,white,white,242,B263.json,1000,770,478,292,100,531.0,221.0,0.6896103896103896,0.221,478,242,1.975206611570248,1.975206611570248
621,white,white,242,B263.json,1000,770,292,0,100,146.0,221.0,0.18961038961038962,0.221,292,242,1.2066115702479339,1.2066115702479339
622,white,white,658,B263.json,1000,770,478,292,342,531.0,671.0,0.6896103896103896,0.671,658,478,1.3765690376569037,0.7264437689969605
623,white,white,553,B263.json,1000,770,292,0,342,146.0,618.5,0.18961038961038962,0.6185,553,292,1.893835616438356,0.5280289330922242
624,yellow,yellow,105,B263.json,1000,770,292,0,895,146.0,947.5,0.18961038961038962,0.9475,292,105,2.780952380952381,2.780952380952381
625,white,white,100,B263.json,1000,770,478,292,0,531.0,50.0,0.6896103896103896,0.05,478,100,4.78,4.78
626,blue,blue,100,B263.json,1000,770,292,0,0,146.0,50.0,0.18961038961038962,0.05,292,100,2.92,2.92
627,white,white,273,B266.json,972,938,353,32,75,208.5,211.5,0.2222814498933902,0.2175925925925926,353,273,1.293040293040293,1.293040293040293
628,white,white,273,B266.json,972,938,246,385,75,508.0,211.5,0.5415778251599147,0.2175925925925926,273,246,1.1097560975609757,0.9010989010989011
629,white,white,273,B266.json,972,938,307,631,75,784.5,211.5,0.8363539445628998,0.2175925925925926,307,273,1.1245421245421245,1.1245421245421245
630,red,red,273,B266.json,972,938,32,0,75,16.0,211.5,0.017057569296375266,0.2175925925925926,273,32,8.53125,0.11721611721611722
631,white,white,125,B266.json,972,938,353,32,348,208.5,410.5,0.2222814498933902,0.42232510288065844,353,125,2.824,2.824
632,white,white,125,B266.json,972,938,246,385,348,508.0,410.5,0.5415778251599147,0.42232510288065844,246,125,1.968,1.968
633,white,white,125,B266.json,972,938,307,631,348,784.5,410.5,0.8363539445628998,0.42232510288065844,307,125,2.456,2.456
634,red,red,125,B266.json,972,938,32,0,348,16.0,410.5,0.017057569296375266,0.42232510288065844,125,32,3.90625,0.256
635,white,white,210,B266.json,972,938,353,32,473,208.5,578.0,0.2222814498933902,0.5946502057613169,353,210,1.680952380952381,1.680952380952381
636,white,white,210,B266.json,972,938,246,385,473,508.0,578.0,0.5415778251599147,0.5946502057613169,246,210,1.1714285714285715,1.1714285714285715
637,white,white,210,B266.json,972,938,307,631,473,784.5,578.0,0.8363539445628998,0.5946502057613169,307,210,1.4619047619047618,1.4619047619047618
638,red,red,210,B266.json,972,938,32,0,473,16.0,578.0,0.017057569296375266,0.5946502057613169,210,32,6.5625,0.1523809523809524
639,white,white,254,B266.json,972,938,246,385,683,508.0,810.0,0.5415778251599147,0.8333333333333334,254,246,1.032520325203252,0.968503937007874
640,white,white,289,B266.json,972,938,307,631,683,784.5,827.5,0.8363539445628998,0.8513374485596708,307,289,1.0622837370242215,1.0622837370242215
641,white,white,289,B266.json,972,938,385,0,683,192.5,827.5,0.20522388059701493,0.8513374485596708,385,289,1.3321799307958477,1.3321799307958477
642,white,white,35,B266.json,972,938,246,385,937,508.0,954.5,0.5415778251599147,0.9819958847736625,246,35,7.0285714285714285,7.0285714285714285
643,white,white,75,B266.json,972,938,246,385,0,508.0,37.5,0.5415778251599147,0.038580246913580245,246,75,3.28,3.28
644,white,white,75,B266.json,972,938,307,631,0,784.5,37.5,0.8363539445628998,0.038580246913580245,307,75,4.093333333333334,4.093333333333334
645,white,white,75,B266.json,972,938,385,0,0,192.5,37.5,0.20522388059701493,0.038580246913580245,385,75,5.133333333333334,5.133333333333334
646,white,white,274,B272.json,1000,798,69,0,131,34.5,268.0,0.043233082706766915,0.268,274,69,3.971014492753623,0.2518248175182482
647,white,white,276,B272.json,1000,798,212,69,405,175.0,543.0,0.21929824561403508,0.543,276,212,1.3018867924528301,0.7681159420289855
648,white,white,276,B272.json,1000,798,464,281,405,513.0,543.0,0.6428571428571429,0.543,464,276,1.681159420289855,1.681159420289855
649,red,red,276,B272.json,1000,798,53,745,405,771.5,543.0,0.9667919799498746,0.543,276,53,5.2075471698113205,0.19202898550724637
650,white,white,276,B272.json,1000,798,69,0,405,34.5,543.0,0.043233082706766915,0.543,276,69,4.0,0.25
651,white,white,139,B272.json,1000,798,212,69,681,175.0,750.5,0.21929824561403508,0.7505,212,139,1.525179856115108,1.525179856115108
652,white,white,139,B272.json,1000,798,464,281,681,513.0,750.5,0.6428571428571429,0.7505,464,139,3.338129496402878,3.338129496402878
653,white,white,139,B272.json,1000,798,53,745,681,771.5,750.5,0.9667919799498746,0.7505,139,53,2.6226415094339623,0.381294964028777
654,white,white,319,B272.json,1000,798,69,0,681,34.5,840.5,0.043233082706766915,0.8405,319,69,4.6231884057971016,0.21630094043887146
655,white,white,119,B272.json,1000,798,212,69,820,175.0,879.5,0.21929824561403508,0.8795,212,119,1.781512605042017,1.781512605042017
656,white,white,119,B272.json,1000,798,464,281,820,513.0,879.5,0.6428571428571429,0.8795,464,119,3.899159663865546,3.899159663865546
657,white,white,180,B272.json,1000,798,53,745,820,771.5,910.0,0.9667919799498746,0.91,180,53,3.3962264150943398,0.29444444444444445
658,white,white,61,B272.json,1000,798,212,69,939,175.0,969.5,0.21929824561403508,0.9695,212,61,3.4754098360655736,3.4754098360655736
659,white,white,61,B272.json,1000,798,464,281,939,513.0,969.5,0.6428571428571429,0.9695,464,61,7.60655737704918,7.60655737704918
660,white,white,405,B272.json,1000,798,212,69,0,175.0,202.5,0.21929824561403508,0.2025,405,212,1.9103773584905661,0.5234567901234568
661,white,white,405,B272.json,1000,798,464,281,0,513.0,202.5,0.6428571428571429,0.2025,464,405,1.145679012345679,1.145679012345679
662,white,white,405,B272.json,1000,798,53,745,0,771.5,202.5,0.9667919799498746,0.2025,405,53,7.6415094339622645,0.1308641975308642
663,blue,blue,131,B272.json,1000,798,69,0,0,34.5,65.5,0.043233082706766915,0.0655,131,69,1.8985507246376812,0.5267175572519084
664,white,white,450,B278.json,1000,942,164,36,34,118.0,259.0,0.12526539278131635,0.259,450,164,2.7439024390243905,0.36444444444444446
665,white,white,450,B278.json,1000,942,517,200,34,458.5,259.0,0.4867303609341826,0.259,517,450,1.1488888888888888,1.1488888888888888
666,white,white,450,B278.json,1000,942,103,717,34,768.5,259.0,0.8158174097664543,0.259,450,103,4.368932038834951,0.2288888888888889
667,white,white,450,B278.json,1000,942,36,0,34,18.0,259.0,0.01910828025477707,0.259,450,36,12.5,0.08
668,white,white,220,B278.json,1000,942,164,36,484,118.0,594.0,0.12526539278131635,0.594,220,164,1.3414634146341464,0.7454545454545455
669,white,white,125,B278.json,1000,942,517,200,484,458.5,546.5,0.4867303609341826,0.5465,517,125,4.136,4.136
670,white,white,125,B278.json,1000,942,103,717,484,768.5,546.5,0.8158174097664543,0.5465,125,103,1.2135922330097086,0.824
671,white,white,220,B278.json,1000,942,71,820,484,855.5,594.0,0.9081740976645435,0.594,220,71,3.0985915492957745,0.32272727272727275
672,white,white,516,B278.json,1000,942,51,891,484,916.5,742.0,0.9729299363057324,0.742,516,51,10.117647058823529,0.09883720930232558
673,white,white,220,B278.json,1000,942,36,0,484,18.0,594.0,0.01910828025477707,0.594,220,36,6.111111111111111,0.16363636363636364
674,white,white,95,B278.json,1000,942,517,200,609,458.5,656.5,0.4867303609341826,0.6565,517,95,5.442105263157894,5.442105263157894
675,white,white,95,B278.json,1000,942,103,717,609,768.5,656.5,0.8158174097664543,0.6565,103,95,1.0842105263157895,1.0842105263157895
676,white,white,217,B278.json,1000,942,164,36,704,118.0,812.5,0.12526539278131635,0.8125,217,164,1.3231707317073171,0.7557603686635944
677,white,white,82,B278.json,1000,942,620,200,704,510.0,745.0,0.5414012738853503,0.745,620,82,7.560975609756097,7.560975609756097
678,red,red,82,B278.json,1000,942,71,820,704,855.5,745.0,0.9081740976645435,0.745,82,71,1.1549295774647887,0.8658536585365854
679,white,white,217,B278.json,1000,942,36,0,704,18.0,812.5,0.01910828025477707,0.8125,217,36,6.027777777777778,0.16589861751152074
680,white,white,135,B278.json,1000,942,620,200,786,510.0,853.5,0.5414012738853503,0.8535,620,135,4.592592592592593,4.592592592592593
681,white,white,214,B278.json,1000,942,71,820,786,855.5,893.0,0.9081740976645435,0.893,214,71,3.0140845070422535,0.3317757009345794
682,white,white,79,B278.json,1000,942,820,0,921,410.0,960.5,0.43524416135881105,0.9605,820,79,10.379746835443038,10.379746835443038
683,white,white,34,B278.json,1000,942,164,36,0,118.0,17.0,0.12526539278131635,0.017,164,34,4.823529411764706,4.823529411764706
684,red,red,34,B278.json,1000,942,517,200,0,458.5,17.0,0.4867303609341826,0.017,517,34,15.205882352941176,15.205882352941176
685,white,white,34,B278.json,1000,942,103,717,0,768.5,17.0,0.8158174097664543,0.017,103,34,3.0294117647058822,3.0294117647058822
686,white,white,484,B278.json,1000,942,71,820,0,855.5,242.0,0.9081740976645435,0.242,484,71,6.816901408450704,0.14669421487603307
687,white,white,484,B278.json,1000,942,51,891,0,916.5,242.0,0.9729299363057324,0.242,484,51,9.490196078431373,0.10537190082644628
688,white,white,34,B278.json,1000,942,36,0,0,18.0,17.0,0.01910828025477707,0.017,36,34,1.0588235294117647,1.0588235294117647
